,Channel,Month,Prime,Tier 1,Tier 2,Tier 3,Total,Total Income,Unshared
0,AdmiralBahroo,2018-09-01,5314,10329,240,654,16933,"$70,282.77",396
1,AdmiralBahroo,2018-10-01,6470,8511,236,563,16150,"$58,896.90",370
2,AdmiralBahroo,2018-11-01,6722,12352,291,600,20482,"$79,537.57",517
3,AdmiralBahroo,2018-12-01,7072,16212,296,863,24996,"$105,421.29",553
4,AdmiralBahroo,2019-01-01,5917,9369,196,817,16730,"$69,126.18",431
5,AdmiralBahroo,2019-02-01,11225,13126,290,1165,26462,"$97,509.19",656
6,AdmiralBahroo,2019-03-01,10063,13108,238,655,24653,"$84,154.99",589
7,AdmiralBahroo,2019-04-01,8214,7180,128,450,16440,"$48,352.42",468
8,AdmiralBahroo,2019-05-01,10099,13059,200,562,24608,"$81,206.79",688
9,AdmiralBahroo,2019-06-01,8655,8195,150,444,20769,"$53,487.11",3325
10,AdmiralBahroo,2019-07-01,8315,10510,128,473,32131,"$65,543.89",12705
11,AdmiralBahroo,2019-08-01,5550,7283,96,246,15983,"$43,448.75",2808
12,AdmiralBahroo,2019-09-01,7291,13752,104,378,25267,"$79,107.66",3742
13,AdmiralBahroo,2019-10-01,7158,10045,132,368,21323,"$60,639.55",3620
14,AdmiralBahroo,2019-11-01,6404,7995,98,222,17750,"$46,421.85",3031
15,AdmiralBahroo,2019-12-01,6633,14942,82,258,25125,"$81,827.18",3210
16,AdmiralBahroo,2020-01-01,6529,8312,114,204,18293,"$47,713.70",3134
17,AdmiralBahroo,2020-02-01,6574,8551,146,246,18600,"$50,275.57",3083
18,AdmiralBahroo,2020-03-01,7133,9003,92,246,19725,"$51,991.59",3251
19,AdmiralBahroo,2020-04-01,6619,9368,60,258,19400,"$53,793.14",3095
20,AdmiralBahroo,2020-05-01,7219,10091,51,116,20817,"$53,762.42",3340
21,AdmiralBahroo,2020-06-01,1508,2734,10,4,4986,"$13,842.52",730
22,AdmiralBulldog,2016-09-01,13,280,0,0,336,"$1,397.20",43
23,AdmiralBulldog,2016-10-01,1616,281,0,0,2223,"$1,402.19",326
24,AdmiralBulldog,2016-11-01,527,205,0,0,851,"$1,022.95",119
25,AdmiralBulldog,2016-12-01,978,383,0,0,1591,"$1,911.17",230
26,AdmiralBulldog,2017-01-01,666,267,0,0,1085,"$1,332.33",152
27,AdmiralBulldog,2017-02-01,508,196,0,0,816,$978.04,112
28,AdmiralBulldog,2017-03-01,495,206,0,0,814,"$1,027.94",113
29,AdmiralBulldog,2017-04-01,625,281,0,0,1051,"$1,402.19",145
30,AdmiralBulldog,2017-05-01,722,464,8,23,1423,"$2,970.05",206
31,AdmiralBulldog,2017-06-01,1413,923,36,65,2862,"$6,589.76",425
32,AdmiralBulldog,2017-07-01,1248,888,32,59,2614,"$6,225.21",387
33,AdmiralBulldog,2017-08-01,1154,872,30,56,2481,"$6,050.42",369
34,AdmiralBulldog,2017-09-01,1453,1255,28,63,3285,"$8,116.54",486
35,AdmiralBulldog,2017-10-01,1236,1022,27,57,2747,"$6,793.94",405
36,AdmiralBulldog,2017-11-01,1381,1006,31,61,2902,"$6,854.02",423
37,AdmiralBulldog,2017-12-01,1597,1108,47,65,3297,"$7,622.80",480
38,AdmiralBulldog,2018-01-01,1647,1261,33,75,3510,"$8,496.31",494
39,AdmiralBulldog,2018-02-01,1485,1042,37,80,3090,"$7,568.41",446
40,AdmiralBulldog,2018-03-01,1635,1095,29,87,3335,"$7,927.89",489
41,AdmiralBulldog,2018-04-01,1227,1236,28,72,3001,"$8,246.64",438
42,AdmiralBulldog,2018-05-01,1700,1213,23,93,3560,"$8,606.71",531
43,AdmiralBulldog,2018-06-01,1934,920,21,95,3490,"$7,174.64",520
44,AdmiralBulldog,2018-07-01,2519,1009,17,100,4285,"$7,703.74",640
45,AdmiralBulldog,2018-08-01,2412,1610,19,107,4761,"$10,897.64",613
46,AdmiralBulldog,2018-09-01,2374,1485,14,117,4602,"$10,473.84",612
47,AdmiralBulldog,2018-10-01,2280,1286,13,92,4241,"$8,846.09",570
48,AdmiralBulldog,2018-11-01,1841,1034,13,101,3492,"$7,813.52",503
49,AdmiralBulldog,2018-12-01,2029,1382,18,116,4091,"$9,974.84",546
50,AdmiralBulldog,2019-01-01,1822,1312,11,112,3758,"$9,455.65",501
51,AdmiralBulldog,2019-02-01,3620,1956,22,170,5955,"$14,228.52",187
52,AdmiralBulldog,2019-03-01,2811,1165,12,123,4243,"$9,007.00",132
53,AdmiralBulldog,2019-04-01,2989,1494,9,131,4767,"$10,818.66",144
54,AdmiralBulldog,2019-05-01,3340,1400,10,130,5021,"$10,334.60",141
55,AdmiralBulldog,2019-06-01,3218,1848,15,158,5370,"$13,319.79",131
56,AdmiralBulldog,2019-07-01,3193,2027,11,154,5512,"$14,073.08",127
57,AdmiralBulldog,2019-08-01,2748,1763,5,144,4765,"$12,445.88",105
58,AdmiralBulldog,2019-09-01,2471,1818,10,143,4613,"$12,745.29",171
59,AdmiralBulldog,2019-10-01,2179,2004,11,127,4469,"$13,283.58",148
60,AdmiralBulldog,2019-11-01,2347,1843,15,153,4542,"$13,169.89",184
61,AdmiralBulldog,2019-12-01,2285,1602,26,159,4238,"$12,227.13",166
62,AdmiralBulldog,2020-01-01,2456,1657,9,178,4466,"$12,806.56",166
63,AdmiralBulldog,2020-02-01,2229,2105,10,172,4676,"$14,902.13",160
64,AdmiralBulldog,2020-03-01,2452,2705,16,206,5571,"$18,805.73",192
65,AdmiralBulldog,2020-04-01,2650,2778,19,282,5953,"$21,099.21",224
66,AdmiralBulldog,2020-05-01,2363,2807,38,231,5624,"$20,159.24",185
67,AdmiralBulldog,2020-06-01,618,873,3,79,1636,"$6,360.45",63
68,Castro_1021,2016-09-01,0,1316,0,0,1541,"$6,566.84",225
69,Castro_1021,2016-10-01,1989,899,0,0,3394,"$4,486.01",506
70,Castro_1021,2016-11-01,972,917,0,0,2214,"$4,575.83",325
71,Castro_1021,2016-12-01,1287,1389,0,0,3141,"$6,931.11",465
72,Castro_1021,2017-01-01,1128,831,0,0,2297,"$4,146.69",338
73,Castro_1021,2017-02-01,648,526,0,0,1372,"$2,624.74",198
74,Castro_1021,2017-03-01,684,613,0,0,1515,"$3,058.87",218
75,Castro_1021,2017-04-01,910,627,0,0,1802,"$3,128.73",265
76,Castro_1021,2017-05-01,1441,1363,12,6,3317,"$7,071.19",495
77,Castro_1021,2017-06-01,2405,2307,31,11,5595,"$12,096.51",841
78,Castro_1021,2017-07-01,1184,1471,23,17,3165,"$7,994.89",470
79,Castro_1021,2017-08-01,842,1294,22,10,2548,"$6,926.74",380
80,Castro_1021,2017-09-01,2715,3652,45,18,7575,"$19,122.85",1145
81,Castro_1021,2017-10-01,2545,2953,43,15,6542,"$15,539.89",986
82,Castro_1021,2017-11-01,1932,2610,35,14,5360,"$13,723.41",769
83,Castro_1021,2017-12-01,1949,2524,44,14,5295,"$13,384.18",764
84,Castro_1021,2018-01-01,2197,2155,36,8,5162,"$11,313.01",766
85,Castro_1021,2018-02-01,977,1535,29,9,2978,"$8,174.27",428
86,Castro_1021,2018-03-01,1645,1419,29,13,3636,"$7,695.39",530
87,Castro_1021,2018-04-01,1172,1627,32,9,3334,"$8,663.32",494
88,Castro_1021,2018-05-01,2601,1687,29,9,5089,"$8,932.75",763
89,Castro_1021,2018-06-01,1346,906,17,4,2672,"$4,790.73",399
90,Castro_1021,2018-07-01,481,703,15,3,1404,"$3,732.79",202
91,Castro_1021,2018-08-01,640,1007,11,4,1890,"$5,234.78",228
92,Castro_1021,2018-09-01,4697,4089,26,11,9836,"$20,938.74",1013
93,Castro_1021,2018-10-01,5388,3299,24,9,10076,"$16,926.68",1356
94,Castro_1021,2018-11-01,5101,3240,35,12,9700,"$16,817.13",1312
95,Castro_1021,2018-12-01,5360,3672,40,15,10530,"$19,097.73",1443
96,Castro_1021,2019-01-01,7244,4606,39,27,13764,"$24,048.28",1848
97,Castro_1021,2019-02-01,7662,4034,63,27,12172,"$21,433.76",386
98,Castro_1021,2019-03-01,9620,4328,46,26,14456,"$22,706.00",436
99,Castro_1021,2019-04-01,5796,3619,29,19,9730,"$18,823.33",267
100,Castro_1021,2019-05-01,7516,4718,45,23,12597,"$24,567.14",295
101,Castro_1021,2019-06-01,6356,4518,52,34,11305,"$23,913.96",345
102,Castro_1021,2019-07-01,6310,4020,35,29,10661,"$21,134.16",267
103,Castro_1021,2019-08-01,2925,1364,18,9,4438,"$7,211.09",122
104,Castro_1021,2019-09-01,9504,7508,67,31,18036,"$38,908.94",926
105,Castro_1021,2019-10-01,10140,8435,56,26,19566,"$43,299.83",909
106,Castro_1021,2019-11-01,9433,8814,56,27,19207,"$45,216.03",877
107,Castro_1021,2019-12-01,8880,6396,52,23,16088,"$33,010.29",737
108,Castro_1021,2020-01-01,13328,10259,62,38,24965,"$52,761.41",1278
109,Castro_1021,2020-02-01,12829,9353,46,60,23284,"$48,630.41",996
110,Castro_1021,2020-03-01,11522,13398,53,26,25996,"$68,035.23",997
111,Castro_1021,2020-04-01,8298,7491,40,18,16632,"$38,229.51",785
112,Castro_1021,2020-05-01,9399,7704,49,39,18012,"$39,907.08",821
113,Castro_1021,2020-06-01,3028,2700,15,7,6047,"$13,797.78",297
114,CohhCarnage,2016-09-01,34,357,0,0,447,"$1,781.43",56
115,CohhCarnage,2016-10-01,3170,427,0,0,4231,"$2,130.73",634
116,CohhCarnage,2016-11-01,1762,534,0,0,2693,"$2,664.66",397
117,CohhCarnage,2016-12-01,1609,618,0,0,2609,"$3,083.82",382
118,CohhCarnage,2017-01-01,1425,580,0,0,2352,"$2,894.20",347
119,CohhCarnage,2017-02-01,1370,543,0,0,2244,"$2,709.57",331
120,CohhCarnage,2017-03-01,1729,743,0,0,2904,"$3,707.57",432
121,CohhCarnage,2017-04-01,1486,565,0,0,2406,"$2,819.35",355
122,CohhCarnage,2017-05-01,2512,2159,71,51,5642,"$12,757.19",849
123,CohhCarnage,2017-06-01,3612,3759,207,94,9040,"$23,174.40",1368
124,CohhCarnage,2017-07-01,3683,4064,224,93,9502,"$24,841.19",1438
125,CohhCarnage,2017-08-01,3720,3679,240,87,9102,"$22,929.94",1376
126,CohhCarnage,2017-09-01,3214,3587,279,101,8459,"$23,210.33",1278
127,CohhCarnage,2017-10-01,4627,4313,705,145,11536,"$32,188.37",1746
128,CohhCarnage,2017-11-01,3197,3779,473,92,8814,"$25,881.56",1273
129,CohhCarnage,2017-12-01,3526,3957,559,102,9522,"$27,878.82",1378
130,CohhCarnage,2018-01-01,4355,4121,483,104,10620,"$27,987.92",1557
131,CohhCarnage,2018-02-01,4301,3880,468,112,10254,"$26,835.40",1493
132,CohhCarnage,2018-03-01,4615,4364,497,110,11345,"$29,490.29",1642
133,CohhCarnage,2018-04-01,3967,4368,475,90,10435,"$28,790.67",1535
134,CohhCarnage,2018-05-01,4355,4347,497,96,10952,"$29,055.60",1657
135,CohhCarnage,2018-06-01,5366,3669,462,87,11295,"$25,097.82",1711
136,CohhCarnage,2018-07-01,5569,3777,475,79,11664,"$25,566.69",1764
137,CohhCarnage,2018-08-01,5604,6429,448,86,14329,"$38,705.37",1762
138,CohhCarnage,2018-09-01,4581,7729,470,87,14037,"$45,437.14",1170
139,CohhCarnage,2018-10-01,4626,6745,466,79,13435,"$40,287.10",1519
140,CohhCarnage,2018-11-01,6465,6734,476,83,15691,"$40,432.07",1933
141,CohhCarnage,2018-12-01,5050,10970,504,102,18269,"$62,324.24",1643
142,CohhCarnage,2019-01-01,4890,7246,434,71,14179,"$42,267.49",1538
143,CohhCarnage,2019-02-01,8136,7801,776,140,17365,"$50,177.83",512
144,CohhCarnage,2019-03-01,6702,6686,461,79,14292,"$39,942.74",364
145,CohhCarnage,2019-04-01,6199,7425,590,183,14712,"$47,518.02",315
146,CohhCarnage,2019-05-01,6254,6866,470,79,13987,"$40,930.85",318
147,CohhCarnage,2019-06-01,6522,8305,499,91,15718,"$48,701.05",301
148,CohhCarnage,2019-07-01,4935,8544,413,73,14229,"$48,584.70",264
149,CohhCarnage,2019-08-01,5016,7376,436,62,13159,"$42,711.26",269
150,CohhCarnage,2019-09-01,5249,8671,366,72,14773,"$48,723.91",415
151,CohhCarnage,2019-10-01,4531,6541,401,52,11974,"$37,945.06",449
152,CohhCarnage,2019-11-01,5714,8451,389,65,15169,"$47,680.95",550
153,CohhCarnage,2019-12-01,5835,12239,559,84,19320,"$68,756.18",603
154,CohhCarnage,2020-01-01,5093,8080,454,57,14210,"$46,279.09",526
155,CohhCarnage,2020-02-01,4328,6852,492,103,12210,"$41,680.53",435
156,CohhCarnage,2020-03-01,5267,7351,459,51,13702,"$42,541.39",574
157,CohhCarnage,2020-04-01,2611,4528,221,39,7662,"$25,777.12",263
158,CohhCarnage,2020-05-01,3483,9675,303,43,13897,"$52,379.79",393
159,CohhCarnage,2020-06-01,1369,2595,142,24,4287,"$14,967.39",157
160,DrDisrespect,2016-09-01,0,267,0,0,305,"$1,332.33",38
161,DrDisrespect,2016-10-01,1070,1026,0,0,2458,"$5,119.74",362
162,DrDisrespect,2016-11-01,1846,1038,0,0,3388,"$5,179.62",504
163,DrDisrespect,2016-12-01,2958,1174,0,0,4859,"$5,858.26",727
164,DrDisrespect,2017-01-01,3049,1435,0,0,5277,"$7,160.65",793
165,DrDisrespect,2017-02-01,2776,1317,0,0,4815,"$6,571.83",722
166,DrDisrespect,2017-03-01,3497,1382,0,0,5743,"$6,896.18",864
167,DrDisrespect,2017-04-01,3191,1274,0,0,5256,"$6,357.26",791
168,DrDisrespect,2017-05-01,5787,2697,13,13,10024,"$13,912.77",1514
169,DrDisrespect,2017-06-01,11018,4398,49,60,18306,"$23,934.93",2781
170,DrDisrespect,2017-07-01,11623,4876,76,86,19643,"$27,239.62",2982
171,DrDisrespect,2017-08-01,13933,5576,120,108,23273,"$31,721.96",3536
172,DrDisrespect,2017-09-01,9818,6834,177,189,20066,"$40,593.00",3048
173,DrDisrespect,2017-10-01,12581,6830,155,171,23276,"$39,903.44",3539
174,DrDisrespect,2017-11-01,16628,7014,185,178,28278,"$41,296.23",4273
175,DrDisrespect,2017-12-01,6935,4041,84,95,13125,"$23,377.80",1970
176,DrDisrespect,2018-01-01,1501,939,27,23,2922,"$5,530.11",432
177,DrDisrespect,2018-02-01,28503,12593,315,274,49109,"$72,833.18",7424
178,DrDisrespect,2018-03-01,17375,7614,248,172,29936,"$44,769.66",4523
179,DrDisrespect,2018-04-01,11007,7468,232,174,22255,"$43,931.26",3374
180,DrDisrespect,2018-05-01,12088,7275,293,182,23393,"$43,777.50",3555
181,DrDisrespect,2018-06-01,11214,5949,269,180,20766,"$36,871.02",3154
182,DrDisrespect,2018-07-01,12620,5848,252,180,22287,"$36,197.20",3387
183,DrDisrespect,2018-08-01,10998,7687,327,173,22211,"$45,948.13",3026
184,DrDisrespect,2018-09-01,14556,10645,226,228,28960,"$61,074.01",3305
185,DrDisrespect,2018-10-01,17148,12680,463,205,35924,"$73,021.52",5428
186,DrDisrespect,2018-11-01,11035,7932,241,163,22416,"$46,061.64",3045
187,DrDisrespect,2018-12-01,10447,7432,245,141,21185,"$43,056.82",2920
188,DrDisrespect,2019-01-01,11341,7751,282,184,22771,"$46,092.83",3213
189,DrDisrespect,2019-02-01,23399,12115,402,238,37330,"$70,417.45",1176
190,DrDisrespect,2019-03-01,16680,7468,238,132,25311,"$42,941.62",793
191,DrDisrespect,2019-04-01,14176,7936,228,127,23184,"$45,052.09",717
192,DrDisrespect,2019-05-01,13960,8760,248,150,23781,"$49,938.42",663
193,DrDisrespect,2019-06-01,5476,3422,110,59,9348,"$19,649.09",281
194,DrDisrespect,2019-07-01,16077,13985,331,244,31377,"$79,189.40",740
195,DrDisrespect,2019-08-01,15243,14155,259,130,30554,"$76,469.56",767
196,DrDisrespect,2019-09-01,13214,11305,233,121,25902,"$61,763.41",1029
197,DrDisrespect,2019-10-01,17233,11338,252,123,30328,"$62,167.87",1382
198,DrDisrespect,2019-11-01,13341,8523,191,106,23355,"$47,086.80",1194
199,DrDisrespect,2019-12-01,14544,10040,228,117,26315,"$55,301.15",1386
200,DrDisrespect,2020-01-01,14111,9326,207,112,24926,"$51,403.55",1170
201,DrDisrespect,2020-02-01,11980,10056,168,120,23415,"$54,856.56",1091
202,DrDisrespect,2020-03-01,18580,12366,191,115,32799,"$66,488.28",1547
203,DrDisrespect,2020-04-01,18336,14418,223,116,34864,"$77,072.43",1771
204,DrDisrespect,2020-05-01,15557,13483,203,118,30903,"$72,256.96",1542
205,DrDisrespect,2020-06-01,4297,5238,87,37,10129,"$27,931.38",470
206,DrLupo,2018-03-01,8635,3626,250,713,15311,"$38,409.11",2087
207,DrLupo,2018-04-01,16930,5216,310,859,27106,"$50,591.15",3791
208,DrLupo,2018-05-01,21801,5689,347,942,33518,"$55,395.22",4739
209,DrLupo,2018-06-01,16504,4347,332,881,25682,"$47,024.40",3618
210,DrLupo,2018-07-01,13271,4518,390,951,22202,"$50,206.41",3072
211,DrLupo,2018-08-01,11438,8559,360,1216,24822,"$76,693.65",3249
212,DrLupo,2018-09-01,8778,8525,516,885,21448,"$69,810.74",2744
213,DrLupo,2018-10-01,9344,8677,398,829,22095,"$67,990.96",2847
214,DrLupo,2018-11-01,9505,11421,1001,940,26147,"$90,481.38",3280
215,DrLupo,2018-12-01,10030,8708,460,816,22990,"$68,440.16",2976
216,DrLupo,2019-01-01,7582,8340,464,870,19754,"$67,993.26",2498
217,DrLupo,2019-02-01,12909,11921,732,1226,27559,"$97,436.21",771
218,DrLupo,2019-03-01,10362,8818,484,835,21061,"$69,703.63",562
219,DrLupo,2019-04-01,9426,7418,398,721,18478,"$59,009.63",515
220,DrLupo,2019-05-01,8255,6945,414,700,16734,"$56,284.41",420
221,DrLupo,2019-06-01,8243,8804,414,643,18538,"$64,136.39",434
222,DrLupo,2019-07-01,6973,8203,566,676,16813,"$63,480.55",395
223,DrLupo,2019-08-01,7142,7825,369,521,16339,"$55,752.85",482
224,DrLupo,2019-09-01,4985,4809,252,395,10977,"$36,385.44",536
225,DrLupo,2019-10-01,8680,8524,421,692,19182,"$64,033.63",865
226,DrLupo,2019-11-01,5661,6406,392,469,13498,"$47,602.33",570
227,DrLupo,2019-12-01,6529,7614,340,587,15764,"$56,059.59",694
228,DrLupo,2020-01-01,9151,11272,559,491,22305,"$74,101.78",832
229,DrLupo,2020-02-01,6737,6234,312,776,14780,"$53,616.78",721
230,DrLupo,2020-03-01,6467,9209,304,475,17066,"$60,860.12",611
231,DrLupo,2020-04-01,8871,14097,342,504,24684,"$86,355.57",870
232,DrLupo,2020-05-01,6370,10767,224,227,18241,"$61,637.82",653
233,DrLupo,2020-06-01,1897,3669,57,28,5839,"$19,577.46",188
234,GRONKH,2016-09-01,933,827,0,0,2071,"$4,126.73",311
235,GRONKH,2016-10-01,6379,495,0,0,8094,"$2,470.05",1220
236,GRONKH,2016-11-01,3434,757,0,0,4928,"$3,777.43",737
237,GRONKH,2016-12-01,1402,402,0,0,2115,"$2,005.98",311
238,GRONKH,2017-01-01,4018,1391,0,0,6365,"$6,941.09",956
239,GRONKH,2017-02-01,2102,469,0,0,3020,"$2,340.31",449
240,GRONKH,2017-03-01,965,321,0,0,1501,"$1,601.79",215
241,GRONKH,2017-04-01,2919,761,0,0,4326,"$3,797.39",646
242,GRONKH,2017-05-01,2196,1315,1,0,4128,"$6,571.84",616
243,GRONKH,2017-06-01,4397,2893,18,1,8609,"$14,640.88",1300
244,GRONKH,2017-07-01,3681,2292,10,2,7046,"$11,586.96",1061
245,GRONKH,2017-08-01,2758,1900,14,3,5502,"$9,695.83",827
246,GRONKH,2017-09-01,5039,3626,53,9,10283,"$18,848.12",1556
247,GRONKH,2017-10-01,3241,2208,20,5,6443,"$11,342.67",969
248,GRONKH,2017-11-01,3628,2858,30,6,7671,"$14,711.06",1149
249,GRONKH,2017-12-01,2296,964,7,1,3839,"$4,905.28",571
250,GRONKH,2018-01-01,4010,3056,40,10,8373,"$15,898.94",1257
251,GRONKH,2018-02-01,3449,2381,40,9,6916,"$12,505.70",1037
252,GRONKH,2018-03-01,4035,2758,43,9,8151,"$14,416.90",1224
253,GRONKH,2018-04-01,2687,2668,35,9,6345,"$13,887.88",946
254,GRONKH,2018-05-01,2994,2719,50,6,6793,"$14,217.25",1024
255,GRONKH,2018-06-01,3930,2487,37,12,7615,"$13,079.64",1149
256,GRONKH,2018-07-01,1192,1138,16,1,2752,"$5,863.45",405
257,GRONKH,2018-08-01,3465,3531,55,6,8094,"$18,319.08",1037
258,GRONKH,2018-09-01,3084,2780,40,9,6833,"$14,496.71",920
259,GRONKH,2018-10-01,4205,3256,47,10,8719,"$16,966.87",1201
260,GRONKH,2018-11-01,3598,2871,36,7,7566,"$14,860.86",1054
261,GRONKH,2018-12-01,3104,4021,39,9,8078,"$20,679.31",905
262,GRONKH,2019-01-01,3759,4073,54,11,8992,"$21,138.62",1095
263,GRONKH,2019-02-01,5173,4965,104,8,10550,"$26,014.23",300
264,GRONKH,2019-03-01,4140,3251,63,9,7678,"$17,076.77",215
265,GRONKH,2019-04-01,4861,3372,70,10,8547,"$17,775.48",234
266,GRONKH,2019-05-01,4332,3091,53,4,7665,"$16,053.52",185
267,GRONKH,2019-06-01,3236,1716,29,7,5097,"$9,027.48",109
268,GRONKH,2019-07-01,5159,3834,75,10,9266,"$20,130.81",188
269,GRONKH,2019-08-01,5002,3187,51,9,8431,"$16,637.53",182
270,GRONKH,2019-09-01,4211,2993,46,5,7633,"$15,519.56",378
271,GRONKH,2019-10-01,5249,3997,69,9,9755,"$20,859.25",431
272,GRONKH,2019-11-01,6280,4579,62,17,11471,"$23,893.42",533
273,GRONKH,2019-12-01,7541,5709,86,8,13997,"$29,546.97",653
274,GRONKH,2020-01-01,5871,4710,76,13,11179,"$24,587.01",509
275,GRONKH,2020-02-01,4520,3786,62,8,8763,"$19,711.44",387
276,GRONKH,2020-03-01,5334,3913,68,6,9785,"$20,355.13",464
277,GRONKH,2020-04-01,5407,4783,66,9,10665,"$24,751.42",400
278,GRONKH,2020-05-01,5219,4786,62,13,10497,"$24,826.39",417
279,GRONKH,2020-06-01,1603,1781,25,6,3614,"$9,286.88",199
280,Gotaga,2018-02-01,3723,1936,86,144,6924,"$14,118.34",1035
281,Gotaga,2018-03-01,20887,2219,102,240,27641,"$18,089.39",4193
282,Gotaga,2018-04-01,5700,2444,116,276,10042,"$20,251.64",1506
283,Gotaga,2018-05-01,17486,3296,138,264,24960,"$24,423.02",3776
284,Gotaga,2018-06-01,5655,2417,140,198,9894,"$18,407.45",1484
285,Gotaga,2018-07-01,2719,1740,70,162,5511,"$13,430.28",820
286,Gotaga,2018-08-01,2661,1782,72,216,5556,"$15,009.30",825
287,Gotaga,2018-09-01,3147,2032,86,203,6425,"$16,071.79",957
288,Gotaga,2018-10-01,4000,1859,74,191,7198,"$14,788.76",1074
289,Gotaga,2018-11-01,3855,1981,100,132,7134,"$14,182.87",1066
290,Gotaga,2018-12-01,3026,1804,102,114,5927,"$12,869.80",881
291,Gotaga,2019-01-01,3673,2034,124,120,6995,"$14,387.22",1044
292,Gotaga,2019-02-01,8807,4170,236,216,13894,"$28,563.78",465
293,Gotaga,2019-03-01,6891,2641,110,162,10141,"$18,325.87",337
294,Gotaga,2019-04-01,5451,1974,80,126,7891,"$13,798.20",260
295,Gotaga,2019-05-01,5353,2082,106,108,7895,"$14,147.04",246
296,Gotaga,2019-06-01,5728,2330,106,138,8617,"$16,134.26",315
297,Gotaga,2019-07-01,3478,1947,82,120,5786,"$13,533.51",159
298,Gotaga,2019-08-01,1590,1221,60,90,3056,"$8,941.29",95
299,Gotaga,2019-09-01,4129,3876,124,114,8713,"$23,428.86",470
300,Gotaga,2019-10-01,4132,3038,80,162,7820,"$20,007.20",408
301,Gotaga,2019-11-01,3499,2339,76,90,6300,"$14,679.95",296
302,Gotaga,2019-12-01,3126,2356,72,138,5976,"$15,924.34",284
303,Gotaga,2020-01-01,2906,2287,52,78,5580,"$13,880.83",257
304,Gotaga,2020-02-01,2679,2420,50,84,5462,"$14,674.46",229
305,Gotaga,2020-03-01,3658,2431,76,90,6600,"$15,139.03",345
306,Gotaga,2020-04-01,8647,4541,100,120,14154,"$26,657.39",746
307,Gotaga,2020-05-01,3051,2292,37,32,5669,"$12,606.39",257
308,Gotaga,2020-06-01,505,538,17,2,1126,"$2,904.43",64
309,LIRIK,2016-09-01,301,830,0,0,1317,"$4,141.70",186
310,LIRIK,2016-10-01,5856,503,0,0,7489,"$2,509.97",1130
311,LIRIK,2016-11-01,2310,487,0,0,3286,"$2,430.13",489
312,LIRIK,2016-12-01,2117,593,0,0,3183,"$2,959.07",473
313,LIRIK,2017-01-01,3324,765,0,0,4810,"$3,817.35",721
314,LIRIK,2017-02-01,2702,685,0,0,3981,"$3,418.15",594
315,LIRIK,2017-03-01,2924,824,0,0,4408,"$4,111.76",660
316,LIRIK,2017-04-01,3157,1186,0,0,5112,"$5,918.14",769
317,LIRIK,2017-05-01,4650,3218,12,14,9302,"$16,527.56",1408
318,LIRIK,2017-06-01,7141,5527,43,34,15025,"$28,858.96",2280
319,LIRIK,2017-07-01,8045,6189,38,37,16871,"$32,187.36",2562
320,LIRIK,2017-08-01,7684,5615,41,32,15763,"$29,228.12",2391
321,LIRIK,2017-09-01,8486,8232,85,76,19901,"$43,826.07",3022
322,LIRIK,2017-10-01,8606,7005,62,52,18537,"$36,873.81",2812
323,LIRIK,2017-11-01,7762,6569,54,37,16931,"$34,243.40",2509
324,LIRIK,2017-12-01,8713,6931,58,41,18483,"$36,189.70",2740
325,LIRIK,2018-01-01,7518,6258,58,31,16307,"$32,581.53",2442
326,LIRIK,2018-02-01,7266,5812,57,31,15491,"$30,346.00",2325
327,LIRIK,2018-03-01,14951,6017,57,33,24890,"$31,418.93",3762
328,LIRIK,2018-04-01,7924,7157,63,38,17873,"$37,292.42",2691
329,LIRIK,2018-05-01,7121,6817,56,31,16537,"$35,350.96",2512
330,LIRIK,2018-06-01,8584,5297,61,29,16471,"$27,766.13",2500
331,LIRIK,2018-07-01,8134,5214,60,29,15840,"$27,341.97",2403
332,LIRIK,2018-08-01,7094,6199,51,22,15467,"$31,992.28",2101
333,LIRIK,2018-09-01,7672,6029,54,25,16032,"$31,248.92",2252
334,LIRIK,2018-10-01,9060,7040,63,23,18681,"$36,333.74",2495
335,LIRIK,2018-11-01,7213,5181,55,21,14558,"$26,927.43",2088
336,LIRIK,2018-12-01,8219,6028,62,31,16697,"$31,473.79",2357
337,LIRIK,2019-01-01,7172,6263,71,29,15632,"$32,686.37",2097
338,LIRIK,2019-02-01,13771,9028,113,44,23687,"$47,278.15",731
339,LIRIK,2019-03-01,12769,8204,78,33,21712,"$42,541.85",628
340,LIRIK,2019-04-01,11980,6043,68,31,18699,"$31,608.58",577
341,LIRIK,2019-05-01,9859,5157,55,24,15518,"$26,882.64",423
342,LIRIK,2019-06-01,9786,5400,62,27,15765,"$28,240.11",490
343,LIRIK,2019-07-01,7988,4628,51,23,13046,"$24,177.98",356
344,LIRIK,2019-08-01,8727,5299,59,22,14551,"$27,581.20",444
345,LIRIK,2019-09-01,6347,5159,36,11,12143,"$26,377.94",590
346,LIRIK,2019-10-01,9656,8115,54,25,18693,"$41,658.06",843
347,LIRIK,2019-11-01,9906,4984,36,21,15707,"$25,754.59",760
348,LIRIK,2019-12-01,9738,5527,47,29,16152,"$28,773.97",811
349,LIRIK,2020-01-01,9459,5041,42,21,15345,"$26,098.96",782
350,LIRIK,2020-02-01,8370,4705,39,28,13841,"$24,567.28",699
351,LIRIK,2020-03-01,10416,5110,44,25,16504,"$26,563.21",909
352,LIRIK,2020-04-01,10183,4788,40,26,15938,"$24,941.46",901
353,LIRIK,2020-05-01,10534,8625,55,24,20229,"$44,187.96",991
354,LIRIK,2020-06-01,3131,1737,11,11,5142,"$9,052.41",252
355,Lord_Kebun,2019-03-01,1767,2335,74,138,4384,"$15,839.53",70
356,Lord_Kebun,2019-04-01,5543,4576,84,168,10636,"$27,871.72",265
357,Lord_Kebun,2019-05-01,6057,4039,82,240,10664,"$26,971.39",246
358,Lord_Kebun,2019-06-01,5865,4501,110,168,10935,"$27,757.21",291
359,Lord_Kebun,2019-07-01,3923,5332,106,156,9733,"$31,564.06",216
360,Lord_Kebun,2019-08-01,2992,4662,122,132,8073,"$27,780.84",165
361,Lord_Kebun,2019-09-01,3840,7884,138,222,12503,"$46,267.56",419
362,Lord_Kebun,2019-10-01,4154,5728,94,198,10625,"$34,469.80",451
363,Lord_Kebun,2019-11-01,3779,5711,80,102,10024,"$31,846.07",352
364,Lord_Kebun,2019-12-01,4425,6189,96,138,11259,"$35,290.77",411
365,Lord_Kebun,2020-01-01,3910,6263,90,90,10734,"$34,400.57",381
366,Lord_Kebun,2020-02-01,3566,6103,58,120,10200,"$34,032.19",353
367,Lord_Kebun,2020-03-01,4235,5536,76,276,10540,"$35,281.12",417
368,Lord_Kebun,2020-04-01,3835,7689,58,180,12124,"$43,445.73",362
369,Lord_Kebun,2020-05-01,4385,9021,40,75,13930,"$47,288.64",409
370,Lord_Kebun,2020-06-01,1380,3316,8,6,4839,"$16,776.70",129
371,MOONMOON,2016-09-01,63,1436,0,0,1755,"$7,165.64",256
372,MOONMOON,2016-10-01,5029,893,0,0,6973,"$4,456.07",1051
373,MOONMOON,2016-11-01,3226,1382,0,0,5423,"$6,896.18",815
374,MOONMOON,2016-12-01,2940,1424,0,0,5131,"$7,105.76",767
375,MOONMOON,2017-01-01,2394,1324,0,0,4373,"$6,606.76",655
376,MOONMOON,2017-02-01,2284,1111,0,0,3992,"$5,543.89",597
377,MOONMOON,2017-03-01,2773,1214,0,0,4688,"$6,057.86",701
378,MOONMOON,2017-04-01,2339,1098,0,0,4042,"$5,479.02",605
379,MOONMOON,2017-05-01,3970,2441,67,180,7844,"$17,348.12",1186
380,MOONMOON,2017-06-01,7242,4440,130,372,14362,"$32,750.58",2178
381,MOONMOON,2017-07-01,7082,4332,138,383,14067,"$32,566.47",2132
382,MOONMOON,2017-08-01,7700,4464,135,379,14945,"$33,095.22",2267
383,MOONMOON,2017-09-01,6481,4845,153,457,14069,"$37,125.45",2133
384,MOONMOON,2017-10-01,7372,5081,127,396,15297,"$36,518.96",2321
385,MOONMOON,2017-11-01,7638,5699,144,391,16262,"$39,647.66",2390
386,MOONMOON,2017-12-01,8279,6248,145,462,17700,"$44,171.45",2566
387,MOONMOON,2018-01-01,8260,6103,226,407,17585,"$42,882.64",2589
388,MOONMOON,2018-02-01,8208,6275,214,409,17659,"$43,671.02",2553
389,MOONMOON,2018-03-01,9424,7008,220,450,20423,"$48,413.22",2941
390,MOONMOON,2018-04-01,6974,7532,224,395,17765,"$49,693.49",2640
391,MOONMOON,2018-05-01,6703,7568,238,417,17599,"$50,562.77",2673
392,MOONMOON,2018-06-01,8816,5904,203,395,18060,"$41,359.98",2742
393,MOONMOON,2018-07-01,8836,5757,210,386,17912,"$40,471.47",2723
394,MOONMOON,2018-08-01,9010,8920,201,390,21348,"$56,264.89",2827
395,MOONMOON,2018-09-01,8094,9293,191,378,20014,"$57,726.38",2058
396,MOONMOON,2018-10-01,8916,8610,210,378,20907,"$54,508.02",2793
397,MOONMOON,2018-11-01,8820,9392,199,359,21523,"$57,825.50",2753
398,MOONMOON,2018-12-01,9190,9884,223,397,22534,"$61,469.96",2840
399,MOONMOON,2019-01-01,8262,9210,215,358,20654,"$57,052.17",2609
400,MOONMOON,2019-02-01,18366,13211,350,604,33524,"$84,513.35",993
401,MOONMOON,2019-03-01,15203,9173,243,413,25810,"$58,521.71",778
402,MOONMOON,2019-04-01,14816,9783,212,345,25841,"$59,556.60",685
403,MOONMOON,2019-05-01,15131,10146,235,382,26551,"$62,522.37",657
404,MOONMOON,2019-06-01,14331,9843,208,418,25601,"$61,640.31",801
405,MOONMOON,2019-07-01,14437,10432,209,378,26143,"$63,589.81",687
406,MOONMOON,2019-08-01,14051,9667,206,341,24859,"$58,817.86",594
407,MOONMOON,2019-09-01,12023,9714,169,319,23340,"$58,132.98",1115
408,MOONMOON,2019-10-01,11013,8697,175,300,21167,"$52,643.28",982
409,MOONMOON,2019-11-01,11035,8932,147,283,21461,"$53,111.38",1064
410,MOONMOON,2019-12-01,11443,8889,158,278,21891,"$52,881.75",1123
411,MOONMOON,2020-01-01,10925,9043,141,258,21385,"$52,980.58",1018
412,MOONMOON,2020-02-01,11150,8592,153,281,21369,"$51,424.74",1193
413,MOONMOON,2020-03-01,12047,9799,151,283,23351,"$57,477.67",1071
414,MOONMOON,2020-04-01,10305,7375,136,282,19171,"$45,207.07",1073
415,MOONMOON,2020-05-01,10099,9707,120,277,21275,"$56,558.96",1072
416,MOONMOON,2020-06-01,2790,4193,47,111,7471,"$24,166.49",330
417,MontanaBlack88,2016-09-01,22,242,0,0,307,"$1,207.58",43
418,MontanaBlack88,2016-10-01,863,345,0,0,1411,"$1,721.55",203
419,MontanaBlack88,2016-11-01,724,503,0,0,1435,"$2,509.97",208
420,MontanaBlack88,2016-12-01,720,405,0,0,1315,"$2,020.95",190
421,MontanaBlack88,2017-01-01,844,523,0,0,1599,"$2,609.77",232
422,MontanaBlack88,2017-02-01,382,205,0,0,684,"$1,022.95",97
423,MontanaBlack88,2017-03-01,1133,611,0,0,2042,"$3,048.89",298
424,MontanaBlack88,2017-04-01,615,358,0,0,1132,"$1,786.42",159
425,MontanaBlack88,2017-05-01,950,506,8,0,1719,"$2,604.86",255
426,MontanaBlack88,2017-06-01,930,561,12,1,1764,"$2,944.26",260
427,MontanaBlack88,2017-07-01,2096,990,17,1,3648,"$5,134.92",544
428,MontanaBlack88,2017-08-01,2056,838,22,2,3430,"$4,451.38",512
429,MontanaBlack88,2017-09-01,1453,999,12,5,2900,"$5,229.84",431
430,MontanaBlack88,2017-10-01,2620,1614,24,6,5016,"$8,443.56",752
431,MontanaBlack88,2017-11-01,2129,991,18,6,3692,"$5,274.85",548
432,MontanaBlack88,2017-12-01,1468,790,17,3,2670,"$4,186.90",392
433,MontanaBlack88,2018-01-01,2255,1049,26,6,3913,"$5,644.19",577
434,MontanaBlack88,2018-02-01,1911,866,19,9,3292,"$4,736.06",487
435,MontanaBlack88,2018-03-01,9630,1320,33,10,12953,"$7,166.37",1954
436,MontanaBlack88,2018-04-01,5294,1484,30,8,8025,"$7,904.78",1209
437,MontanaBlack88,2018-05-01,6448,1926,29,11,9915,"$10,175.34",1501
438,MontanaBlack88,2018-06-01,6303,1294,31,12,8997,"$7,066.63",1357
439,MontanaBlack88,2018-07-01,9592,2025,30,11,13740,"$10,679.34",2082
440,MontanaBlack88,2018-08-01,8670,2085,27,10,12663,"$10,923.78",1871
441,MontanaBlack88,2018-09-01,8732,2363,29,9,12961,"$12,305.99",1828
442,MontanaBlack88,2018-10-01,12790,3690,34,8,19211,"$18,952.68",2689
443,MontanaBlack88,2018-11-01,8046,1924,18,5,11698,"$9,905.53",1705
444,MontanaBlack88,2018-12-01,11904,4333,40,11,18867,"$22,296.16",2579
445,MontanaBlack88,2019-01-01,12368,4229,57,19,19352,"$22,146.95",2679
446,MontanaBlack88,2019-02-01,13695,3517,60,13,17871,"$18,474.10",586
447,MontanaBlack88,2019-03-01,10680,2377,33,28,13556,"$12,890.62",438
448,MontanaBlack88,2019-04-01,10504,2124,24,19,13136,"$11,313.33",465
449,MontanaBlack88,2019-05-01,12780,3253,47,29,16625,"$17,426.71",516
450,MontanaBlack88,2019-06-01,10999,2432,36,22,13919,"$13,045.10",430
451,MontanaBlack88,2019-07-01,11696,3268,40,27,15504,"$17,381.65",473
452,MontanaBlack88,2019-08-01,21019,6238,69,37,28208,"$32,741.56",845
453,MontanaBlack88,2019-09-01,24992,11206,81,42,38024,"$57,776.71",1703
454,MontanaBlack88,2019-10-01,13176,4714,46,34,18980,"$24,832.06",1010
455,MontanaBlack88,2019-11-01,10812,4326,42,19,16062,"$22,481.13",863
456,MontanaBlack88,2019-12-01,11570,4964,39,20,17570,"$25,659.77",977
457,MontanaBlack88,2020-01-01,14449,5906,51,26,21636,"$30,630.17",1204
458,MontanaBlack88,2020-02-01,13549,5179,42,23,19763,"$26,837.56",970
459,MontanaBlack88,2020-03-01,18580,7544,60,25,27607,"$38,868.71",1398
460,MontanaBlack88,2020-04-01,15663,6922,61,17,23826,"$35,575.00",1163
461,MontanaBlack88,2020-05-01,16378,9320,59,19,27005,"$47,571.02",1229
462,MontanaBlack88,2020-06-01,3729,2391,18,6,6367,"$12,260.85",223
463,NICKMERCS,2018-02-01,3417,3499,260,348,8682,"$28,753.93",1158
464,NICKMERCS,2018-03-01,9020,3876,396,571,16128,"$37,566.57",2265
465,NICKMERCS,2018-04-01,7003,4563,422,534,14514,"$40,329.81",1992
466,NICKMERCS,2018-05-01,12698,5626,506,837,22875,"$54,045.31",3208
467,NICKMERCS,2018-06-01,11536,5268,690,1085,21594,"$60,294.57",3015
468,NICKMERCS,2018-07-01,14533,6422,791,1269,26763,"$71,660.18",3748
469,NICKMERCS,2018-08-01,14980,8440,911,1316,29767,"$84,103.33",4120
470,NICKMERCS,2018-09-01,16271,11147,810,3351,36563,"$147,456.92",4984
471,NICKMERCS,2018-10-01,14743,8184,784,2524,30422,"$111,745.08",4187
472,NICKMERCS,2018-11-01,10680,6861,634,873,22087,"$62,386.32",3039
473,NICKMERCS,2018-12-01,15481,10002,845,1085,31798,"$85,465.68",4385
474,NICKMERCS,2019-01-01,17628,12623,901,2452,38921,"$133,265.24",5317
475,NICKMERCS,2019-02-01,13991,15202,922,1625,38286,"$125,677.51",6546
476,NICKMERCS,2019-03-01,10463,7062,650,1031,23248,"$67,497.57",4042
477,NICKMERCS,2019-04-01,9615,6432,490,698,20839,"$54,433.80",3604
478,NICKMERCS,2019-05-01,15783,11206,1005,1226,35310,"$96,595.63",509
479,NICKMERCS,2019-06-01,16494,10075,848,1277,31597,"$90,658.00",698
480,NICKMERCS,2019-07-01,14831,12890,860,1345,30839,"$106,524.05",913
481,NICKMERCS,2019-08-01,14262,12208,875,924,30365,"$92,749.93",2096
482,NICKMERCS,2019-09-01,10108,8394,647,689,20887,"$65,567.70",1049
483,NICKMERCS,2019-10-01,13981,13118,901,1058,30899,"$100,899.23",1841
484,NICKMERCS,2019-11-01,9464,8634,612,725,21296,"$67,315.29",1861
485,NICKMERCS,2019-12-01,10852,11091,706,786,25645,"$82,039.17",2210
486,NICKMERCS,2020-01-01,9801,12491,643,677,25619,"$85,671.89",2007
487,NICKMERCS,2020-02-01,10057,13561,717,721,27118,"$92,850.01",2062
488,NICKMERCS,2020-03-01,14002,17150,784,810,35439,"$113,652.56",2693
489,NICKMERCS,2020-04-01,16823,24384,812,786,46142,"$149,430.18",3337
490,NICKMERCS,2020-05-01,15752,22616,434,214,42137,"$122,537.36",3121
491,NICKMERCS,2020-06-01,4587,7986,177,58,13847,"$43,067.79",1039
492,NoWay4u_Sir,2018-11-01,6234,2086,122,138,8844,"$15,076.54",264
493,NoWay4u_Sir,2018-12-01,4604,1642,82,138,6659,"$12,461.38",193
494,NoWay4u_Sir,2019-01-01,5269,1725,118,108,7398,"$12,485.49",178
495,NoWay4u_Sir,2019-02-01,9356,2560,152,162,12600,"$18,341.26",370
496,NoWay4u_Sir,2019-03-01,8592,2314,144,132,11540,"$16,284.10",358
497,NoWay4u_Sir,2019-04-01,9809,1844,110,126,12245,"$13,449.20",356
498,NoWay4u_Sir,2019-05-01,10660,2146,126,150,13471,"$15,715.78",389
499,NoWay4u_Sir,2019-06-01,9414,1455,114,204,11536,"$13,497.27",349
500,NoWay4u_Sir,2019-07-01,7395,1727,94,180,9672,"$14,054.99",276
501,NoWay4u_Sir,2019-08-01,6213,1605,76,120,8259,"$11,766.99",245
502,NoWay4u_Sir,2019-09-01,6417,2012,122,102,9063,"$13,807.64",410
503,NoWay4u_Sir,2019-10-01,9634,2857,154,156,13500,"$19,693.33",699
504,NoWay4u_Sir,2019-11-01,9647,2416,152,114,13064,"$16,423.18",735
505,NoWay4u_Sir,2019-12-01,8818,2425,128,162,12126,"$17,427.85",593
506,NoWay4u_Sir,2020-01-01,10292,2579,152,198,13916,"$19,335.71",695
507,NoWay4u_Sir,2020-02-01,9554,2542,126,162,13022,"$17,991.70",638
508,NoWay4u_Sir,2020-03-01,10065,2652,152,168,13770,"$18,950.28",733
509,NoWay4u_Sir,2020-04-01,10187,3348,140,228,14674,"$23,802.84",771
510,NoWay4u_Sir,2020-05-01,9094,3292,82,78,13187,"$19,195.48",641
511,NoWay4u_Sir,2020-06-01,2866,1069,20,6,4189,"$5,684.05",228
512,OgamingLoL,2019-10-01,3927,1248,0,0,5455,"$6,227.52",280
513,OgamingLoL,2019-11-01,2143,547,0,0,2784,"$2,729.53",94
514,OgamingLoL,2019-12-01,652,425,0,0,1113,"$2,120.75",36
515,OgamingLoL,2020-01-01,1076,628,0,0,1767,"$3,133.72",63
516,OgamingLoL,2020-02-01,1835,795,0,0,2745,"$3,967.05",115
517,OgamingLoL,2020-03-01,1445,681,0,0,2199,"$3,398.19",73
518,OgamingLoL,2020-04-01,1573,763,0,0,2427,"$3,807.37",91
519,OgamingLoL,2020-05-01,911,573,0,0,1513,"$2,859.27",29
520,OgamingLoL,2020-06-01,116,78,0,0,194,$389.22,0
521,TFBlade,2019-04-01,2185,405,14,6,2686,"$2,310.75",76
522,TFBlade,2019-05-01,1540,352,4,0,1907,"$1,796.44",11
523,TFBlade,2019-06-01,1303,308,6,0,1625,"$1,596.86",8
524,TFBlade,2019-07-01,980,326,6,12,1324,"$1,986.56",0
525,TFBlade,2019-08-01,674,186,0,0,860,$928.14,0
526,TFBlade,2019-09-01,594,289,2,6,915,"$1,612.03",24
527,TFBlade,2019-10-01,1483,2663,14,12,4251,"$13,728.11",79
528,TFBlade,2019-11-01,1259,1578,12,0,2861,"$7,994.10",12
529,TFBlade,2019-12-01,1417,1754,6,6,3198,"$8,962.34",15
530,TFBlade,2020-01-01,1394,493,8,0,1927,"$2,539.99",32
531,TFBlade,2020-02-01,2807,2074,2,0,5058,"$10,369.24",175
532,TFBlade,2020-03-01,2459,1364,6,0,3942,"$6,866.30",113
533,TFBlade,2020-04-01,1933,857,6,0,2848,"$4,336.37",52
534,TFBlade,2020-05-01,2105,1438,5,2,3624,"$7,275.55",74
535,TFBlade,2020-06-01,396,1622,2,1,2021,"$8,138.75",0
536,Tfue,2018-03-01,398,450,22,120,1135,"$5,464.08",145
537,Tfue,2018-04-01,1492,836,48,114,2886,"$7,500.02",396
538,Tfue,2018-05-01,7150,1426,72,288,10455,"$15,032.14",1519
539,Tfue,2018-06-01,11120,1915,116,406,15881,"$20,860.63",2324
540,Tfue,2018-07-01,16190,2220,98,276,22041,"$18,954.06",3257
541,Tfue,2018-08-01,15071,3878,106,377,22732,"$29,831.39",3300
542,Tfue,2018-09-01,13121,4176,120,318,20720,"$29,983.86",2985
543,Tfue,2018-10-01,22064,5889,172,318,33275,"$39,051.21",4832
544,Tfue,2018-11-01,20713,7207,220,342,33257,"$46,707.31",4775
545,Tfue,2018-12-01,19377,7582,150,384,32077,"$48,928.84",4584
546,Tfue,2019-01-01,40846,14633,274,444,65633,"$86,851.49",9436
547,Tfue,2019-02-01,29686,8818,276,522,40608,"$59,803.84",1306
548,Tfue,2019-03-01,30566,7148,248,396,39661,"$48,042.08",1303
549,Tfue,2019-04-01,27884,7034,190,258,36441,"$43,445.18",1075
550,Tfue,2019-05-01,31144,8808,244,330,42079,"$54,636.18",1553
551,Tfue,2019-06-01,27863,7934,618,318,38048,"$53,711.30",1315
552,Tfue,2019-07-01,17133,8239,186,264,26597,"$49,568.11",775
553,Tfue,2019-08-01,13420,5813,553,282,20700,"$41,578.52",632
554,Tfue,2019-09-01,7339,4379,72,126,12495,"$25,719.23",579
555,Tfue,2019-10-01,15732,8429,200,288,26061,"$51,255.83",1412
556,Tfue,2019-11-01,8046,4852,98,150,13908,"$28,939.00",762
557,Tfue,2019-12-01,8729,5448,96,174,15184,"$32,492.82",737
558,Tfue,2020-01-01,8097,7724,106,186,16909,"$44,249.84",796
559,Tfue,2020-02-01,5600,4845,98,379,11443,"$34,626.78",521
560,Tfue,2020-03-01,7994,7391,106,150,16466,"$41,688.53",825
561,Tfue,2020-04-01,9830,8201,116,120,19192,"$45,080.63",925
562,Tfue,2020-05-01,10774,13019,98,51,24896,"$67,218.32",954
563,Tfue,2020-06-01,2334,2914,18,9,5518,"$14,945.59",243
564,TimTheTatman,2016-09-01,15,1273,0,0,1406,"$6,352.27",118
565,TimTheTatman,2016-10-01,4060,1056,0,0,5615,"$5,269.44",499
566,TimTheTatman,2016-11-01,3024,1420,0,0,4873,"$7,085.80",429
567,TimTheTatman,2016-12-01,3564,1099,0,0,5115,"$5,484.01",452
568,TimTheTatman,2017-01-01,4200,1216,0,0,5945,"$6,067.84",529
569,TimTheTatman,2017-02-01,2573,817,0,0,3716,"$4,076.83",326
570,TimTheTatman,2017-03-01,3134,989,0,0,4521,"$4,935.11",398
571,TimTheTatman,2017-04-01,3185,1040,0,0,4634,"$5,189.60",409
572,TimTheTatman,2017-05-01,4537,2340,21,43,7621,"$12,960.96",680
573,TimTheTatman,2017-06-01,9744,4454,58,110,15791,"$25,553.78",1425
574,TimTheTatman,2017-07-01,9021,4478,60,154,15069,"$26,793.08",1356
575,TimTheTatman,2017-08-01,8116,4330,75,181,13961,"$26,879.14",1259
576,TimTheTatman,2017-09-01,7227,5428,120,556,14647,"$42,178.96",1316
577,TimTheTatman,2017-10-01,7840,4950,130,345,14577,"$34,620.75",1312
578,TimTheTatman,2017-11-01,7985,5231,102,256,14880,"$33,519.11",1306
579,TimTheTatman,2017-12-01,7998,5725,96,215,15323,"$34,899.64",1289
580,TimTheTatman,2018-01-01,8413,5207,108,197,15277,"$31,984.88",1352
581,TimTheTatman,2018-02-01,7704,5212,107,169,14461,"$31,300.12",1269
582,TimTheTatman,2018-03-01,13039,6194,123,259,21514,"$38,609.24",1899
583,TimTheTatman,2018-04-01,9440,6766,100,241,18160,"$40,783.93",1613
584,TimTheTatman,2018-05-01,19807,8433,159,342,31601,"$52,215.66",2860
585,TimTheTatman,2018-06-01,16333,5990,136,302,25024,"$38,795.72",2263
586,TimTheTatman,2018-07-01,20596,6476,122,307,30237,"$41,205.95",2736
587,TimTheTatman,2018-08-01,22434,13753,156,538,39941,"$83,630.53",3060
588,TimTheTatman,2018-09-01,21687,14276,127,379,39365,"$81,977.18",2896
589,TimTheTatman,2018-10-01,19353,14148,149,292,36607,"$79,384.11",2665
590,TimTheTatman,2018-11-01,17833,12385,188,281,33151,"$70,701.46",2464
591,TimTheTatman,2018-12-01,16240,11484,149,250,30419,"$65,041.17",2296
592,TimTheTatman,2019-01-01,19150,15304,238,298,37742,"$86,191.60",2752
593,TimTheTatman,2019-02-01,29459,14777,211,342,50475,"$84,391.70",5686
594,TimTheTatman,2019-03-01,22031,11955,483,203,38843,"$69,553.59",4171
595,TimTheTatman,2019-04-01,18920,9349,169,163,32161,"$52,413.19",3560
596,TimTheTatman,2019-05-01,18925,10547,168,183,33506,"$58,881.02",3683
597,TimTheTatman,2019-06-01,14146,8679,132,124,25924,"$47,725.65",2843
598,TimTheTatman,2019-07-01,12635,9088,124,103,24556,"$49,161.85",2606
599,TimTheTatman,2019-08-01,14639,9229,130,124,27133,"$50,450.17",3011
600,TimTheTatman,2019-09-01,9956,7306,88,76,19571,"$39,235.30",2145
601,TimTheTatman,2019-10-01,13845,8623,127,106,25652,"$46,946.44",2951
602,TimTheTatman,2019-11-01,9208,6030,80,55,17327,"$32,263.35",1954
603,TimTheTatman,2019-12-01,13755,9232,114,99,26101,"$49,680.55",2901
604,TimTheTatman,2020-01-01,10133,7214,82,58,19643,"$38,266.46",2156
605,TimTheTatman,2020-02-01,9414,7364,92,74,19024,"$39,514.70",2080
606,TimTheTatman,2020-03-01,13130,9562,95,57,25529,"$50,087.86",2685
607,TimTheTatman,2020-04-01,29230,16599,158,94,51452,"$86,756.49",5371
608,TimTheTatman,2020-05-01,12895,11235,101,67,27048,"$58,745.97",2750
609,TimTheTatman,2020-06-01,4163,5021,51,26,10244,"$26,214.02",983
610,Trainwreckstv,2016-09-01,0,44,0,0,45,$219.56,1
611,Trainwreckstv,2016-10-01,61,69,0,0,143,$344.31,13
612,Trainwreckstv,2016-11-01,29,57,0,0,93,$284.43,7
613,Trainwreckstv,2016-12-01,42,48,0,0,94,$239.52,4
614,Trainwreckstv,2017-01-01,37,48,0,0,90,$239.52,5
615,Trainwreckstv,2017-02-01,4,4,0,0,8,$19.96,0
616,Trainwreckstv,2017-03-01,11,11,0,0,22,$54.89,0
617,Trainwreckstv,2017-04-01,26,22,0,0,52,$109.78,4
618,Trainwreckstv,2017-05-01,58,66,0,0,134,$329.34,10
619,Trainwreckstv,2017-06-01,85,95,2,1,205,$519.02,22
620,Trainwreckstv,2017-07-01,41,85,0,0,138,$424.15,12
621,Trainwreckstv,2017-08-01,33,69,0,0,109,$344.31,7
622,Trainwreckstv,2017-09-01,15,53,0,1,77,$289.46,8
623,Trainwreckstv,2017-10-01,201,320,2,8,614,"$1,816.70",83
624,Trainwreckstv,2017-11-01,574,609,5,17,1383,"$3,513.69",178
625,Trainwreckstv,2017-12-01,450,1123,11,12,1749,"$6,013.54",153
626,Trainwreckstv,2018-01-01,323,631,10,10,1091,"$3,498.49",117
627,Trainwreckstv,2018-02-01,545,678,11,10,1424,"$3,743.01",180
628,Trainwreckstv,2018-03-01,563,585,13,8,1354,"$3,248.94",185
629,Trainwreckstv,2018-04-01,238,337,5,8,684,"$1,931.50",96
630,Trainwreckstv,2018-05-01,580,582,11,12,1385,"$3,313.95",200
631,Trainwreckstv,2018-06-01,684,523,6,16,1435,"$3,069.55",206
632,Trainwreckstv,2018-07-01,674,542,14,20,1464,"$3,344.24",214
633,Trainwreckstv,2018-08-01,763,2101,19,23,3145,"$11,248.57",239
634,Trainwreckstv,2018-09-01,569,3299,12,22,4099,"$17,131.67",197
635,Trainwreckstv,2018-10-01,300,959,10,14,1436,"$5,235.17",153
636,Trainwreckstv,2018-11-01,590,1784,8,14,2597,"$9,331.94",201
637,Trainwreckstv,2018-12-01,639,3212,9,14,4093,"$16,467.65",219
638,Trainwreckstv,2019-01-01,562,1680,6,9,2455,"$8,668.05",198
639,Trainwreckstv,2019-02-01,1177,2134,14,18,3421,"$11,238.34",78
640,Trainwreckstv,2019-03-01,1218,2414,19,22,3749,"$12,785.45",76
641,Trainwreckstv,2019-04-01,1235,2742,17,14,4054,"$14,202.27",46
642,Trainwreckstv,2019-05-01,2109,5075,22,28,7300,"$26,243.75",66
643,Trainwreckstv,2019-06-01,1731,6252,23,14,8082,"$31,777.11",62
644,Trainwreckstv,2019-07-01,1538,5763,24,19,7395,"$29,471.94",51
645,Trainwreckstv,2019-08-01,1538,5700,24,22,7323,"$29,232.54",39
646,Trainwreckstv,2019-09-01,1370,6058,19,24,7570,"$31,018.99",99
647,Trainwreckstv,2019-10-01,1844,7655,32,32,9738,"$39,317.81",175
648,Trainwreckstv,2019-11-01,1820,7533,14,25,9577,"$38,354.28",185
649,Trainwreckstv,2019-12-01,2886,9778,34,27,13000,"$49,806.61",275
650,Trainwreckstv,2020-01-01,2861,8314,17,30,11489,"$42,406.39",267
651,Trainwreckstv,2020-02-01,2262,8305,18,24,10820,"$42,221.53",211
652,Trainwreckstv,2020-03-01,2323,12273,19,16,14854,"$61,831.92",223
653,Trainwreckstv,2020-04-01,1651,8750,14,102,10690,"$46,351.34",173
654,Trainwreckstv,2020-05-01,1863,12141,22,69,14297,"$62,527.68",202
655,Trainwreckstv,2020-06-01,339,3105,5,6,3479,"$15,693.84",24
656,Vader,2019-04-01,4587,4269,102,366,9567,"$31,467.63",243
657,Vader,2019-05-01,4873,4566,124,1179,10980,"$53,486.31",238
658,Vader,2019-06-01,4368,6211,155,608,11562,"$47,735.26",220
659,Vader,2019-07-01,2616,3236,104,329,6443,"$25,408.31",158
660,Vader,2019-08-01,2738,4411,130,396,7860,"$33,205.63",185
661,Vader,2019-09-01,2316,5969,102,318,8986,"$38,751.11",281
662,Vader,2019-10-01,2307,4763,102,240,7670,"$30,783.95",258
663,Vader,2019-11-01,2081,3263,106,216,5877,"$22,739.15",211
664,Vader,2019-12-01,2228,4748,136,240,7596,"$31,048.76",244
665,Vader,2020-01-01,2194,4864,104,198,7579,"$30,258.34",219
666,Vader,2020-02-01,2123,4581,100,245,7269,"$29,980.74",220
667,Vader,2020-03-01,2525,7636,118,343,10890,"$47,854.03",268
668,Vader,2020-04-01,2119,8638,104,276,11350,"$51,039.82",213
669,Vader,2020-05-01,1873,7839,64,90,10088,"$42,005.07",222
670,Vader,2020-06-01,731,4087,15,15,4946,"$20,918.83",98
671,Yassuo,2018-11-01,2959,1071,6,36,4701,"$6,303.87",629
672,Yassuo,2018-12-01,3238,1773,20,42,5822,"$10,096.65",749
673,Yassuo,2019-01-01,4322,2460,30,42,7870,"$13,624.68",1016
674,Yassuo,2019-02-01,4755,1808,38,96,6900,"$11,800.58",203
675,Yassuo,2019-03-01,8797,2574,52,126,11905,"$16,512.48",356
676,Yassuo,2019-04-01,4483,1602,18,54,6341,"$9,523.26",184
677,Yassuo,2019-05-01,4620,1573,16,54,6443,"$9,358.57",180
678,Yassuo,2019-06-01,4962,2035,12,18,7177,"$10,724.35",150
679,Yassuo,2019-07-01,3162,1634,20,12,4939,"$8,653.34",111
680,Yassuo,2019-08-01,3574,2317,32,24,6088,"$12,481.27",141
681,Yassuo,2019-09-01,3257,1948,24,36,5495,"$10,859.92",230
682,Yassuo,2019-10-01,4816,3623,32,36,8856,"$19,298.09",349
683,Yassuo,2019-11-01,3850,2719,32,36,6919,"$14,787.13",282
684,Yassuo,2019-12-01,3397,2106,12,48,5770,"$11,828.34",207
685,Yassuo,2020-01-01,3355,1526,22,36,5165,"$8,734.16",226
686,Yassuo,2020-02-01,3022,2284,34,30,5590,"$12,486.52",220
687,Yassuo,2020-03-01,3280,1945,127,48,5619,"$12,173.80",219
688,Yassuo,2020-04-01,10662,3575,60,60,15133,"$19,938.05",776
689,Yassuo,2020-05-01,3931,3221,34,15,7509,"$16,787.30",308
690,Yassuo,2020-06-01,1207,846,6,3,2151,"$4,356.45",89
691,YoDa,2016-09-01,0,260,0,0,293,"$1,297.40",33
692,YoDa,2016-10-01,18,176,0,0,219,$878.24,25
693,YoDa,2016-11-01,8,189,0,0,221,$943.11,24
694,YoDa,2016-12-01,101,212,0,0,359,"$1,057.88",46
695,YoDa,2017-01-01,67,100,0,0,191,$499.00,24
696,YoDa,2017-02-01,53,72,0,0,141,$359.28,16
697,YoDa,2017-03-01,40,56,0,0,106,$279.44,10
698,YoDa,2017-04-01,34,42,0,0,84,$209.58,8
699,YoDa,2017-05-01,252,404,4,2,765,"$2,105.90",103
700,YoDa,2017-06-01,475,501,4,1,1143,"$2,564.94",162
701,YoDa,2017-07-01,442,499,4,1,1103,"$2,554.96",157
702,YoDa,2017-08-01,427,435,4,1,1009,"$2,235.60",142
703,YoDa,2017-09-01,278,467,2,3,873,"$2,425.28",123
704,YoDa,2017-10-01,223,358,3,1,678,"$1,841.38",93
705,YoDa,2017-11-01,431,373,2,3,940,"$1,956.22",131
706,YoDa,2017-12-01,290,321,1,2,711,"$1,661.76",97
707,YoDa,2018-01-01,325,352,3,5,796,"$1,911.40",111
708,YoDa,2018-02-01,225,254,0,3,560,"$1,342.43",78
709,YoDa,2018-03-01,888,328,4,1,1429,"$1,701.67",208
710,YoDa,2018-04-01,376,274,3,1,761,"$1,422.22",107
711,YoDa,2018-05-01,634,377,5,2,1188,"$1,981.16",170
712,YoDa,2018-06-01,651,303,4,2,1119,"$1,601.91",159
713,YoDa,2018-07-01,950,320,7,1,1493,"$1,691.72",215
714,YoDa,2018-08-01,817,455,2,2,1478,"$2,340.41",202
715,YoDa,2018-09-01,751,366,8,1,1293,"$1,931.25",167
716,YoDa,2018-10-01,828,339,4,3,1359,"$1,806.54",185
717,YoDa,2018-11-01,3013,499,5,1,4112,"$2,564.95",594
718,YoDa,2018-12-01,827,355,5,2,1371,"$1,871.38",182
719,YoDa,2019-01-01,124,68,1,0,219,$349.31,26
720,YoDa,2019-02-01,756,404,4,3,1208,"$2,130.89",41
721,YoDa,2019-03-01,476,118,2,1,615,$633.79,18
722,YoDa,2019-04-01,1044,513,3,2,1595,"$2,639.82",33
723,YoDa,2019-05-01,762,162,1,0,925,$818.37,0
724,YoDa,2019-06-01,590,134,1,0,731,$678.65,6
725,YoDa,2019-07-01,483,116,1,0,600,$588.83,0
726,YoDa,2019-08-01,675,222,1,0,901,"$1,117.77",3
727,YoDa,2019-09-01,1595,675,2,0,2319,"$3,388.23",47
728,YoDa,2019-10-01,1874,315,1,0,2260,"$1,581.84",70
729,YoDa,2019-11-01,2743,788,2,0,3676,"$3,952.10",143
730,YoDa,2019-12-01,3272,589,1,0,4046,"$2,949.10",184
731,YoDa,2020-01-01,3444,562,1,0,4221,"$2,814.37",214
732,YoDa,2020-02-01,3425,344,3,0,3945,"$1,746.53",173
733,YoDa,2020-03-01,5047,382,4,0,5727,"$1,946.14",294
734,YoDa,2020-04-01,4569,344,1,1,5205,"$1,751.54",290
735,YoDa,2020-05-01,3702,301,0,0,4228,"$1,501.99",225
736,YoDa,2020-06-01,1387,160,1,0,1626,$808.39,78
737,alanzoka,2018-03-01,2424,596,12,18,3568,"$3,543.74",518
738,alanzoka,2018-04-01,2225,710,36,36,3516,"$4,802.18",509
739,alanzoka,2018-05-01,4448,995,36,18,6447,"$5,774.51",950
740,alanzoka,2018-06-01,3032,666,26,48,4416,"$4,782.60",644
741,alanzoka,2018-07-01,833,203,4,12,1231,"$1,352.81",179
742,alanzoka,2018-08-01,3989,1071,46,48,6038,"$7,003.35",884
743,alanzoka,2018-09-01,3170,823,30,60,4782,"$5,905.87",699
744,alanzoka,2018-10-01,3385,860,38,24,5045,"$5,270.78",738
745,alanzoka,2018-11-01,3020,654,38,36,4390,"$4,542.72",642
746,alanzoka,2018-12-01,2451,947,44,90,4127,"$7,414.19",595
747,alanzoka,2019-01-01,2791,973,42,60,4521,"$6,774.25",655
748,alanzoka,2019-02-01,5997,1275,76,90,7691,"$9,370.59",253
749,alanzoka,2019-03-01,5421,787,38,42,6505,"$5,356.33",217
750,alanzoka,2019-04-01,5866,1069,34,42,7261,"$6,723.55",250
751,alanzoka,2019-05-01,5005,956,32,30,6191,"$5,839.82",168
752,alanzoka,2019-06-01,4416,741,40,48,5408,"$5,296.71",163
753,alanzoka,2019-07-01,2551,576,26,30,3300,"$3,883.68",117
754,alanzoka,2019-08-01,4693,902,54,72,5867,"$6,839.72",146
755,alanzoka,2019-09-01,6895,1373,42,36,8807,"$8,170.49",461
756,alanzoka,2019-10-01,9839,1424,62,42,12091,"$8,774.72",724
757,alanzoka,2019-11-01,9332,1045,52,36,11065,"$6,633.67",600
758,alanzoka,2019-12-01,9924,1090,46,48,11726,"$7,098.16",618
759,alanzoka,2020-01-01,10890,1066,50,36,12728,"$6,718.48",686
760,alanzoka,2020-02-01,8092,731,30,24,9414,"$4,547.15",537
761,alanzoka,2020-03-01,11998,873,40,24,13688,"$5,355.63",753
762,alanzoka,2020-04-01,11619,907,34,24,13334,"$5,465.35",750
763,alanzoka,2020-05-01,12812,820,28,2,14468,"$4,421.50",806
764,alanzoka,2020-06-01,4992,378,6,1,5667,"$1,971.15",290
765,dakotaz,2018-04-01,11353,2266,75,38,16179,"$13,006.21",2447
766,dakotaz,2018-05-01,27964,2779,98,36,36419,"$15,745.87",5542
767,dakotaz,2018-06-01,17673,2139,87,55,23533,"$12,917.19",3579
768,dakotaz,2018-07-01,13417,2063,61,39,18367,"$11,878.37",2787
769,dakotaz,2018-08-01,14647,3722,87,32,21528,"$20,241.59",3040
770,dakotaz,2018-09-01,11878,5316,83,50,19701,"$28,605.51",2374
771,dakotaz,2018-10-01,13847,5245,59,217,22273,"$32,184.79",2905
772,dakotaz,2018-11-01,9082,4563,85,34,15747,"$24,468.18",1983
773,dakotaz,2018-12-01,9021,7632,116,57,18829,"$40,666.95",2003
774,dakotaz,2019-01-01,7870,4047,69,34,13805,"$21,733.50",1785
775,dakotaz,2019-02-01,9090,3695,100,47,13346,"$20,611.58",414
776,dakotaz,2019-03-01,6498,3432,59,22,10298,"$18,264.87",287
777,dakotaz,2019-04-01,6671,3697,124,33,10805,"$20,511.46",280
778,dakotaz,2019-05-01,6324,3773,105,37,10479,"$20,800.85",240
779,dakotaz,2019-06-01,5546,3822,78,30,9689,"$20,600.70",213
780,dakotaz,2019-07-01,6371,6269,82,33,13006,"$32,926.16",251
781,dakotaz,2019-08-01,5786,6408,89,30,12534,"$33,614.73",221
782,dakotaz,2019-09-01,4030,4786,65,18,9235,"$24,981.31",336
783,dakotaz,2019-10-01,4800,4272,79,25,9601,"$22,731.24",425
784,dakotaz,2019-11-01,3649,3719,62,13,7789,"$19,502.06",346
785,dakotaz,2019-12-01,4196,4671,75,27,9391,"$24,732.27",422
786,dakotaz,2020-01-01,4116,4494,66,23,9084,"$23,659.17",385
787,dakotaz,2020-02-01,3578,4523,71,18,8525,"$23,728.88",335
788,dakotaz,2020-03-01,3060,4178,62,10,7617,"$21,717.50",307
789,dakotaz,2020-04-01,3000,5724,63,26,9106,"$29,841.87",293
790,dakotaz,2020-05-01,2908,6881,69,27,10198,"$35,700.23",313
791,dakotaz,2020-06-01,600,1737,23,2,2424,"$8,947.38",62
792,dasMEHDI,2016-09-01,113,0,0,10,123,$249.90,0
793,dasMEHDI,2016-10-01,117,0,0,34,299,$849.66,0
794,dasMEHDI,2016-11-01,140,0,0,33,297,$824.67,0
795,dasMEHDI,2016-12-01,165,0,0,33,310,$824.67,0
796,dasMEHDI,2017-01-01,92,0,0,15,187,$374.85,0
797,dasMEHDI,2017-02-01,93,0,0,15,177,$374.85,0
798,dasMEHDI,2017-03-01,88,0,0,18,183,$449.82,0
799,dasMEHDI,2017-04-01,60,0,0,7,113,$174.93,0
800,dasMEHDI,2017-05-01,154,3,10,32,294,$914.55,0
801,dasMEHDI,2017-06-01,308,5,15,66,512,"$1,824.14",0
802,dasMEHDI,2017-07-01,333,7,13,80,626,"$2,164.00",0
803,dasMEHDI,2017-08-01,352,18,15,82,637,"$2,288.85",0
804,dasMEHDI,2017-09-01,339,12,33,73,579,"$2,213.82",0
805,dasMEHDI,2017-10-01,316,12,15,69,538,"$1,934.04",0
806,dasMEHDI,2017-11-01,307,10,12,55,492,"$1,544.23",37
807,dasMEHDI,2017-12-01,500,13,298,62,1000,"$4,591.27",503
808,dasMEHDI,2018-01-01,377,8,121,62,676,"$2,798.09",189
809,dasMEHDI,2018-02-01,338,8,15,59,530,"$1,664.18",80
810,dasMEHDI,2018-03-01,427,12,12,79,722,"$2,153.97",110
811,dasMEHDI,2018-04-01,492,8,49,88,846,"$2,728.55",183
812,dasMEHDI,2018-05-01,343,6,14,85,622,"$2,293.95",0
813,dasMEHDI,2018-06-01,299,8,14,83,626,"$2,253.95",0
814,dasMEHDI,2018-07-01,350,6,15,94,694,"$2,528.85",0
815,dasMEHDI,2018-08-01,2544,107,418,100,3429,"$7,208.75",2690
816,dasMEHDI,2018-09-01,1053,9,17,121,1513,"$3,238.53",406
817,dasMEHDI,2018-10-01,867,10,12,120,1306,"$3,168.58",413
818,dasMEHDI,2018-11-01,848,6,11,123,1337,"$3,213.60",430
819,dasMEHDI,2018-12-01,1432,13,16,188,2139,"$4,922.83",784
820,dasMEHDI,2019-01-01,1326,19,17,193,2126,"$5,087.71",737
821,dasMEHDI,2019-02-01,804,26,13,37,1308,"$1,184.24",243
822,dasMEHDI,2019-03-01,854,12,11,27,1290,$844.50,392
823,dasMEHDI,2019-04-01,1259,16,12,23,1758,$774.49,741
824,dasMEHDI,2019-05-01,1537,13,12,0,1968,$184.75,1037
825,dasMEHDI,2019-06-01,2260,20,52,3,2846,$694.25,1713
826,dasMEHDI,2019-07-01,2751,11,19,1,3245,$269.69,2168
827,dasMEHDI,2019-08-01,8221,17,13,3,8716,$289.67,7599
828,dasMEHDI,2019-09-01,1432,14,8,1,1758,$174.77,763
829,dasMEHDI,2019-10-01,2989,14,15,14,3413,$569.57,2308
830,dasMEHDI,2019-11-01,3061,6,9,14,3561,$469.71,2364
831,dasMEHDI,2019-12-01,3633,15,13,17,4312,$629.55,2831
832,dasMEHDI,2020-01-01,4628,21,13,4,5086,$334.62,2905
833,dasMEHDI,2020-02-01,5152,23,11,0,5200,$224.66,2902
834,dasMEHDI,2020-03-01,6660,33,10,0,6821,$264.57,4389
835,dasMEHDI,2020-04-01,8359,46,19,0,8441,$419.35,6028
836,dasMEHDI,2020-05-01,11812,36,20,0,11882,$379.44,9238
837,dasMEHDI,2020-06-01,4945,18,7,0,4970,$159.75,3584
838,forsen,2016-09-01,358,254,0,0,709,"$1,267.46",97
839,forsen,2016-10-01,4401,430,0,0,5686,"$2,145.70",855
840,forsen,2016-11-01,908,273,0,0,1379,"$1,362.27",198
841,forsen,2016-12-01,611,271,0,0,1025,"$1,352.29",143
842,forsen,2017-01-01,813,372,0,0,1381,"$1,856.28",196
843,forsen,2017-02-01,545,204,0,0,868,"$1,017.96",119
844,forsen,2017-03-01,472,211,0,0,789,"$1,052.89",106
845,forsen,2017-04-01,824,420,0,0,1453,"$2,095.80",209
846,forsen,2017-05-01,937,1102,3,7,2404,"$5,703.88",355
847,forsen,2017-06-01,1222,1555,5,12,3287,"$8,109.28",493
848,forsen,2017-07-01,1494,1751,5,9,3830,"$9,012.35",571
849,forsen,2017-08-01,1247,1564,3,13,3322,"$8,159.20",495
850,forsen,2017-09-01,1450,2324,11,13,4468,"$12,031.52",670
851,forsen,2017-10-01,2853,2615,16,14,6472,"$13,558.55",974
852,forsen,2017-11-01,2856,2135,11,19,5910,"$11,238.35",889
853,forsen,2017-12-01,3057,2758,5,24,6879,"$14,412.13",1035
854,forsen,2018-01-01,4194,3379,14,27,8969,"$17,675.80",1355
855,forsen,2018-02-01,3934,3519,14,38,8843,"$18,649.29",1338
856,forsen,2018-03-01,5852,4500,23,41,12237,"$23,709.36",1808
857,forsen,2018-04-01,6884,6328,30,56,15542,"$33,275.86",2244
858,forsen,2018-05-01,6173,5621,29,50,13994,"$29,588.00",2121
859,forsen,2018-06-01,5356,4051,27,43,11168,"$21,558.79",1691
860,forsen,2018-07-01,5794,4113,25,33,11744,"$21,598.29",1779
861,forsen,2018-08-01,5013,4213,31,43,10857,"$22,407.13",1557
862,forsen,2018-09-01,4594,8878,22,35,14978,"$45,395.65",1449
863,forsen,2018-10-01,4851,4555,29,32,11018,"$23,818.84",1551
864,forsen,2018-11-01,4305,3751,26,29,9441,"$19,701.94",1330
865,forsen,2018-12-01,5171,4998,31,60,11933,"$26,749.11",1673
866,forsen,2019-01-01,4619,4423,41,52,10639,"$23,779.84",1504
867,forsen,2019-02-01,8248,6288,39,62,15130,"$33,316.11",493
868,forsen,2019-03-01,7207,4745,35,41,12433,"$25,051.79",405
869,forsen,2019-04-01,6253,3903,25,35,10562,"$20,600.37",346
870,forsen,2019-05-01,6424,4279,28,32,11069,"$22,431.61",306
871,forsen,2019-06-01,6590,4193,28,32,11185,"$22,002.47",342
872,forsen,2019-07-01,5818,3762,23,25,9939,"$19,626.90",311
873,forsen,2019-08-01,5165,3514,20,27,8990,"$18,409.39",264
874,forsen,2019-09-01,4852,4096,26,30,9496,"$21,448.48",492
875,forsen,2019-10-01,4749,3621,24,25,8890,"$18,933.30",471
876,forsen,2019-11-01,4317,3127,22,28,7881,"$16,523.23",387
877,forsen,2019-12-01,5052,3776,25,25,9373,"$19,716.74",495
878,forsen,2020-01-01,5086,3649,31,26,9295,"$19,167.94",503
879,forsen,2020-02-01,4313,3155,19,26,7902,"$16,583.00",389
880,forsen,2020-03-01,3995,2830,19,22,7187,"$14,861.29",321
881,forsen,2020-04-01,4070,2891,15,27,7368,"$15,250.67",365
882,forsen,2020-05-01,3165,3082,17,25,6619,"$16,173.76",330
883,forsen,2020-06-01,935,913,3,8,1955,"$4,785.76",96
884,gaules,2019-09-01,5447,11,2,0,5460,$74.87,283
885,gaules,2019-10-01,8379,12,5,0,8396,$109.83,361
886,gaules,2019-11-01,7231,11,4,0,7246,$94.85,239
887,gaules,2019-12-01,7434,10,3,0,7447,$79.87,512
888,gaules,2020-01-01,7214,9,3,0,7226,$74.88,136
889,gaules,2020-02-01,9082,12,3,0,9097,$89.85,194
890,gaules,2020-03-01,14152,10,6,0,14168,$109.84,316
891,gaules,2020-04-01,11762,7,3,0,11772,$64.90,1241
892,gaules,2020-05-01,5592,0,0,0,5592,$0.00,145
893,gaules,2020-06-01,248,1,0,0,249,$4.99,2
894,lestream,2019-11-01,2003,8,2,0,2013,$59.90,43
895,lestream,2019-12-01,3016,8,2,0,3026,$59.90,128
896,lestream,2020-01-01,2693,12,2,0,2707,$79.86,99
897,lestream,2020-02-01,2452,4,1,0,2457,$29.95,178
898,lestream,2020-03-01,2264,5,1,0,2270,$34.94,163
899,lestream,2020-04-01,1486,5,0,0,1491,$24.95,119
900,lestream,2020-05-01,1384,7,0,0,1391,$34.93,123
901,lestream,2020-06-01,469,4,0,0,473,$19.96,34
902,loltyler1,2016-09-01,19,678,0,0,809,"$3,383.22",112
903,loltyler1,2016-10-01,2222,471,0,0,3160,"$2,350.29",467
904,loltyler1,2016-11-01,1482,551,0,0,2384,"$2,749.49",351
905,loltyler1,2016-12-01,2251,517,0,0,3251,"$2,579.83",483
906,loltyler1,2017-01-01,1971,736,0,0,3179,"$3,672.64",472
907,loltyler1,2017-02-01,1551,488,0,0,2390,"$2,435.12",351
908,loltyler1,2017-03-01,1055,298,0,0,1585,"$1,487.02",232
909,loltyler1,2017-04-01,2141,654,0,0,3283,"$3,263.46",488
910,loltyler1,2017-05-01,416,177,0,1,686,$908.22,92
911,loltyler1,2017-06-01,503,298,1,7,939,"$1,671.94",130
912,loltyler1,2017-07-01,5373,2319,16,54,9145,"$13,081.11",1383
913,loltyler1,2017-08-01,4032,1668,11,39,6772,"$9,407.82",1022
914,loltyler1,2017-09-01,3463,2108,13,46,6627,"$11,798.33",997
915,loltyler1,2017-10-01,1770,742,10,12,2975,"$4,102.36",441
916,loltyler1,2017-11-01,2663,824,5,16,4120,"$4,561.55",612
917,loltyler1,2017-12-01,583,258,0,7,980,"$1,462.35",132
918,loltyler1,2018-01-01,24680,5056,36,68,35127,"$27,288.40",5287
919,loltyler1,2018-02-01,6042,2124,18,36,9669,"$11,678.22",1449
920,loltyler1,2018-03-01,9354,2453,18,38,14063,"$13,369.91",2104
921,loltyler1,2018-04-01,6355,1992,10,21,9853,"$10,564.77",1475
922,loltyler1,2018-05-01,3564,1643,14,21,6173,"$8,863.22",931
923,loltyler1,2018-06-01,4855,1505,12,22,7533,"$8,179.61",1139
924,loltyler1,2018-07-01,5941,1556,18,20,8875,"$8,444.06",1340
925,loltyler1,2018-08-01,4320,1769,13,22,7145,"$9,506.96",1021
926,loltyler1,2018-09-01,4423,1938,10,16,7393,"$10,170.36",1006
927,loltyler1,2018-10-01,5096,2425,17,21,8740,"$12,795.37",1181
928,loltyler1,2018-11-01,8516,2607,23,20,12989,"$13,738.50",1823
929,loltyler1,2018-12-01,5188,1016,6,9,7278,"$5,354.69",1059
930,loltyler1,2019-01-01,2170,1179,6,13,3933,"$6,268.02",565
931,loltyler1,2019-02-01,7055,2756,13,40,10187,"$14,881.91",323
932,loltyler1,2019-03-01,12436,3408,20,21,16390,"$17,730.51",505
933,loltyler1,2019-04-01,8776,2259,16,22,11423,"$11,982.03",350
934,loltyler1,2019-05-01,8800,2358,18,14,11538,"$12,296.10",348
935,loltyler1,2019-06-01,4768,1593,13,10,6569,"$8,328.84",185
936,loltyler1,2019-07-01,5879,2338,25,13,8496,"$12,241.24",241
937,loltyler1,2019-08-01,4221,1842,18,9,6217,"$9,596.31",127
938,loltyler1,2019-09-01,4678,2370,22,7,7424,"$12,221.01",347
939,loltyler1,2019-10-01,5270,2683,19,14,8357,"$13,927.84",371
940,loltyler1,2019-11-01,6228,2434,21,15,9169,"$12,730.30",471
941,loltyler1,2019-12-01,6541,2121,17,12,9145,"$11,053.50",454
942,loltyler1,2020-01-01,7700,2888,22,17,11172,"$15,055.73",545
943,loltyler1,2020-02-01,9911,4010,17,17,14629,"$20,604.56",674
944,loltyler1,2020-03-01,10500,3693,30,15,14916,"$19,102.62",678
945,loltyler1,2020-04-01,5970,1742,14,8,8133,"$9,032.36",399
946,loltyler1,2020-05-01,388,128,0,3,527,$713.69,8
947,loltyler1,2020-06-01,3644,3785,32,8,7784,"$19,406.75",315
948,nl_Kripp,2016-09-01,369,161,0,0,612,$803.39,82
949,nl_Kripp,2016-10-01,9204,155,0,0,11028,$773.45,1669
950,nl_Kripp,2016-11-01,2505,172,0,0,3143,$858.28,466
951,nl_Kripp,2016-12-01,2771,300,0,0,3607,"$1,497.00",536
952,nl_Kripp,2017-01-01,1039,140,0,0,1376,$698.60,197
953,nl_Kripp,2017-02-01,1074,135,0,0,1413,$673.65,204
954,nl_Kripp,2017-03-01,1124,139,0,0,1475,$693.61,212
955,nl_Kripp,2017-04-01,2277,182,0,0,2884,$908.18,425
956,nl_Kripp,2017-05-01,1141,300,4,3,1692,"$1,611.93",244
957,nl_Kripp,2017-06-01,1576,622,10,1,2591,"$3,228.67",382
958,nl_Kripp,2017-07-01,1527,637,12,2,2553,"$3,348.49",375
959,nl_Kripp,2017-08-01,2710,762,10,3,4099,"$3,977.25",614
960,nl_Kripp,2017-09-01,2484,630,9,7,3677,"$3,408.54",547
961,nl_Kripp,2017-10-01,2003,637,8,6,3116,"$3,408.49",462
962,nl_Kripp,2017-11-01,1782,575,8,7,2784,"$3,124.10",412
963,nl_Kripp,2017-12-01,2197,638,9,8,3345,"$3,473.45",493
964,nl_Kripp,2018-01-01,1390,502,7,5,2229,"$2,699.86",325
965,nl_Kripp,2018-02-01,1121,467,10,6,1878,"$2,580.17",274
966,nl_Kripp,2018-03-01,1505,561,7,5,2454,"$2,994.27",358
967,nl_Kripp,2018-04-01,2056,652,9,5,3195,"$3,468.34",473
968,nl_Kripp,2018-05-01,1066,613,6,5,1978,"$3,243.76",288
969,nl_Kripp,2018-06-01,1164,438,1,5,1882,"$2,320.56",274
970,nl_Kripp,2018-07-01,1339,459,4,3,2115,"$2,405.34",310
971,nl_Kripp,2018-08-01,1834,512,4,6,2759,"$2,744.78",403
972,nl_Kripp,2018-09-01,1424,925,5,4,2661,"$4,765.66",303
973,nl_Kripp,2018-10-01,1341,521,5,4,2170,"$2,749.70",299
974,nl_Kripp,2018-11-01,1752,1020,4,1,3171,"$5,154.75",394
975,nl_Kripp,2018-12-01,2344,871,2,3,3705,"$4,441.24",485
976,nl_Kripp,2019-01-01,1618,692,6,3,2687,"$3,587.99",368
977,nl_Kripp,2019-02-01,2006,1339,2,6,3442,"$6,851.53",89
978,nl_Kripp,2019-03-01,2186,643,6,3,2933,"$3,343.48",95
979,nl_Kripp,2019-04-01,2653,670,8,4,3419,"$3,523.18",84
980,nl_Kripp,2019-05-01,2012,510,5,16,2560,"$2,994.69",17
981,nl_Kripp,2019-06-01,1568,468,3,4,2050,"$2,465.25",7
982,nl_Kripp,2019-07-01,1727,562,9,3,2309,"$2,969.26",8
983,nl_Kripp,2019-08-01,1964,520,9,1,2516,"$2,709.70",22
984,nl_Kripp,2019-09-01,1429,611,3,5,2079,"$3,203.81",31
985,nl_Kripp,2019-10-01,1334,543,3,0,1899,"$2,739.54",19
986,nl_Kripp,2019-11-01,2035,503,4,2,2652,"$2,599.91",108
987,nl_Kripp,2019-12-01,1980,601,2,0,2628,"$3,018.97",45
988,nl_Kripp,2020-01-01,1899,679,7,1,2635,"$3,483.13",49
989,nl_Kripp,2020-02-01,2219,685,7,3,2962,"$3,563.05",48
990,nl_Kripp,2020-03-01,2327,937,7,2,3333,"$4,795.54",60
991,nl_Kripp,2020-04-01,2845,1844,4,50,4876,"$10,491.02",133
992,nl_Kripp,2020-05-01,2552,1223,7,9,3887,"$6,397.61",96
993,nl_Kripp,2020-06-01,972,429,2,2,1446,"$2,210.67",41
994,sodapoppin,2016-09-01,34,600,0,0,736,"$2,994.00",102
995,sodapoppin,2016-10-01,2562,432,0,0,3518,"$2,155.68",524
996,sodapoppin,2016-11-01,858,317,0,0,1368,"$1,581.83",193
997,sodapoppin,2016-12-01,1041,438,0,0,1731,"$2,185.62",252
998,sodapoppin,2017-01-01,1416,663,0,0,2437,"$3,308.37",358
999,sodapoppin,2017-02-01,1197,386,0,0,1851,"$1,926.14",268
1000,sodapoppin,2017-03-01,2367,630,0,0,3522,"$3,143.70",525
1001,sodapoppin,2017-04-01,1510,519,0,0,2380,"$2,589.81",351
1002,sodapoppin,2017-05-01,1177,1574,0,3,3236,"$7,929.23",482
1003,sodapoppin,2017-06-01,78,43,0,0,142,$214.57,21
1004,sodapoppin,2017-07-01,4355,2785,11,12,8439,"$14,306.92",1276
1005,sodapoppin,2017-08-01,3919,2605,20,21,7734,"$13,723.54",1169
1006,sodapoppin,2017-09-01,3178,3014,17,33,7349,"$16,034.36",1107
1007,sodapoppin,2017-10-01,2306,2413,11,23,5593,"$12,725.53",840
1008,sodapoppin,2017-11-01,4022,2958,18,16,8221,"$15,340.08",1207
1009,sodapoppin,2017-12-01,4767,3815,16,32,10119,"$19,996.37",1489
1010,sodapoppin,2018-01-01,5569,4052,25,21,11357,"$20,994.02",1690
1011,sodapoppin,2018-02-01,4836,3523,20,24,9871,"$18,379.33",1468
1012,sodapoppin,2018-03-01,6688,4689,20,23,13442,"$24,172.68",2018
1013,sodapoppin,2018-04-01,7640,5684,24,21,15689,"$29,127.71",2320
1014,sodapoppin,2018-05-01,6708,5036,22,26,13900,"$25,999.16",2108
1015,sodapoppin,2018-06-01,7469,4057,31,25,13652,"$21,178.87",2070
1016,sodapoppin,2018-07-01,6037,3328,30,28,11104,"$17,606.14",1681
1017,sodapoppin,2018-08-01,10038,7962,44,53,20906,"$41,494.41",2809
1018,sodapoppin,2018-09-01,6396,6441,32,29,14434,"$33,184.98",1536
1019,sodapoppin,2018-10-01,6044,4998,32,21,12873,"$25,784.49",1778
1020,sodapoppin,2018-11-01,4765,4424,27,19,10699,"$22,820.30",1464
1021,sodapoppin,2018-12-01,7053,6673,40,33,15864,"$34,522.54",2065
1022,sodapoppin,2019-01-01,4551,4296,23,17,10324,"$22,091.64",1437
1023,sodapoppin,2019-02-01,10366,8173,53,38,19231,"$42,262.36",601
1024,sodapoppin,2019-03-01,10443,8947,29,24,19975,"$45,535.00",532
1025,sodapoppin,2019-04-01,6716,4603,17,13,11674,"$23,463.67",325
1026,sodapoppin,2019-05-01,9881,5279,38,23,15625,"$27,296.60",404
1027,sodapoppin,2019-06-01,4579,2879,17,8,7710,"$14,735.96",227
1028,sodapoppin,2019-07-01,6107,5005,23,12,11487,"$25,504.60",340
1029,sodapoppin,2019-08-01,6770,4435,21,10,11572,"$22,590.34",336
1030,sodapoppin,2019-09-01,2705,2264,8,4,5213,"$11,477.24",232
1031,sodapoppin,2019-10-01,4102,4020,20,14,8610,"$20,609.46",454
1032,sodapoppin,2019-11-01,2905,2155,10,7,5364,"$11,028.28",287
1033,sodapoppin,2019-12-01,378,215,0,0,603,"$1,072.85",10
1034,sodapoppin,2020-01-01,3062,3294,11,6,6677,"$16,696.89",304
1035,sodapoppin,2020-02-01,4859,3416,12,10,8737,"$17,415.62",440
1036,sodapoppin,2020-03-01,4344,3215,12,16,7948,"$16,562.57",361
1037,sodapoppin,2020-04-01,3762,2813,8,12,6932,"$14,416.67",337
1038,sodapoppin,2020-05-01,4346,3711,13,16,8500,"$19,047.60",414
1039,sodapoppin,2020-06-01,1113,971,6,4,2197,"$5,005.19",103
1040,summit1g,2016-09-01,26,707,0,0,895,"$3,527.93",162
1041,summit1g,2016-10-01,5107,1247,0,0,7847,"$6,222.53",1493
1042,summit1g,2016-11-01,3492,1290,0,0,5905,"$6,437.10",1123
1043,summit1g,2016-12-01,5234,1446,0,0,8254,"$7,215.54",1574
1044,summit1g,2017-01-01,5387,2117,0,0,9269,"$10,563.83",1765
1045,summit1g,2017-02-01,4762,1515,0,0,7753,"$7,559.85",1476
1046,summit1g,2017-03-01,6819,2000,0,0,10900,"$9,980.00",2081
1047,summit1g,2017-04-01,6534,1841,0,0,10350,"$9,186.59",1975
1048,summit1g,2017-05-01,6804,3435,29,67,12773,"$19,104.69",2438
1049,summit1g,2017-06-01,9149,5686,60,107,18550,"$31,646.47",3548
1050,summit1g,2017-07-01,11750,6266,108,114,22553,"$35,195.12",4315
1051,summit1g,2017-08-01,9254,5519,98,101,18513,"$31,042.82",3541
1052,summit1g,2017-09-01,10003,7582,203,258,22316,"$46,309.57",4270
1053,summit1g,2017-10-01,9885,6788,171,171,21042,"$39,853.70",4027
1054,summit1g,2017-11-01,7933,5792,139,151,17247,"$34,064.18",3232
1055,summit1g,2017-12-01,9795,6777,154,142,20711,"$38,904.27",3843
1056,summit1g,2018-01-01,13049,7568,192,207,25872,"$44,855.33",4856
1057,summit1g,2018-02-01,8354,5295,127,107,17104,"$30,364.71",3221
1058,summit1g,2018-03-01,17557,5800,149,124,29406,"$33,529.27",5601
1059,summit1g,2018-04-01,7351,5959,114,108,16705,"$33,573.19",3173
1060,summit1g,2018-05-01,8168,6045,111,95,17831,"$33,647.49",3412
1061,summit1g,2018-06-01,7103,4228,104,81,14239,"$24,160.87",2723
1062,summit1g,2018-07-01,8113,4690,116,98,16096,"$27,010.96",3079
1063,summit1g,2018-08-01,4176,4109,82,65,10219,"$22,947.44",1787
1064,summit1g,2018-09-01,7397,8378,110,87,18562,"$45,079.25",2590
1065,summit1g,2018-10-01,7434,6668,107,86,17080,"$36,491.39",2785
1066,summit1g,2018-11-01,6931,5943,113,87,15695,"$32,958.57",2621
1067,summit1g,2018-12-01,12428,11286,163,119,28373,"$60,919.32",4377
1068,summit1g,2019-01-01,21923,13151,214,177,42417,"$72,184.58",6952
1069,summit1g,2019-02-01,21078,11078,263,234,34113,"$63,754.25",1460
1070,summit1g,2019-03-01,21538,11409,187,173,34707,"$63,122.31",1400
1071,summit1g,2019-04-01,18436,9749,162,166,29686,"$54,414.23",1173
1072,summit1g,2019-05-01,12972,7681,178,126,21868,"$43,255.15",911
1073,summit1g,2019-06-01,7829,5388,111,84,16618,"$30,094.17",3206
1074,summit1g,2019-07-01,8519,7988,124,87,18239,"$43,273.01",1521
1075,summit1g,2019-08-01,9921,7984,112,77,20603,"$42,883.27",2509
1076,summit1g,2019-09-01,8102,6594,100,75,17748,"$35,777.31",2877
1077,summit1g,2019-10-01,9481,7227,119,74,19497,"$39,100.80",2596
1078,summit1g,2019-11-01,7839,5901,97,65,15976,"$32,039.37",2074
1079,summit1g,2019-12-01,9611,7651,106,84,19991,"$41,336.59",2539
1080,summit1g,2020-01-01,14558,9685,154,88,28062,"$52,065.73",3577
1081,summit1g,2020-02-01,15329,11170,138,91,30439,"$59,391.01",3711
1082,summit1g,2020-03-01,16173,12558,133,96,32907,"$66,392.13",3947
1083,summit1g,2020-04-01,53941,27831,297,170,93919,"$146,092.02",11680
1084,summit1g,2020-05-01,16486,16334,197,157,37427,"$87,398.12",4253
1085,summit1g,2020-06-01,4134,5099,91,58,10660,"$27,802.52",1278
1086,xQcOW,2017-03-01,86,78,0,0,189,$389.22,25
1087,xQcOW,2017-04-01,244,205,0,0,515,"$1,022.95",66
1088,xQcOW,2017-05-01,254,229,2,1,559,"$1,187.68",73
1089,xQcOW,2017-06-01,422,386,5,8,956,"$2,176.01",135
1090,xQcOW,2017-07-01,787,509,15,15,1552,"$3,064.61",226
1091,xQcOW,2017-08-01,985,611,21,15,1909,"$3,633.53",277
1092,xQcOW,2017-09-01,1591,1304,41,44,3503,"$8,016.11",523
1093,xQcOW,2017-10-01,2164,1223,37,36,4070,"$7,372.04",610
1094,xQcOW,2017-11-01,2764,1362,40,48,4939,"$8,395.50",725
1095,xQcOW,2017-12-01,3280,1937,50,44,6215,"$11,264.69",904
1096,xQcOW,2018-01-01,4115,2137,69,48,7475,"$12,552.46",1106
1097,xQcOW,2018-02-01,4277,1949,59,51,7439,"$11,589.41",1103
1098,xQcOW,2018-03-01,7215,2731,85,58,11867,"$15,926.26",1775
1099,xQcOW,2018-04-01,4955,2689,56,38,9104,"$14,927.17",1366
1100,xQcOW,2018-05-01,4743,2689,62,34,8871,"$14,887.15",1343
1101,xQcOW,2018-06-01,4999,2147,56,48,8542,"$12,472.49",1292
1102,xQcOW,2018-07-01,8112,2825,63,52,13023,"$16,025.60",1971
1103,xQcOW,2018-08-01,8897,4738,67,55,15891,"$25,686.40",2134
1104,xQcOW,2018-09-01,8845,5920,93,56,16600,"$31,869.31",1686
1105,xQcOW,2018-10-01,8944,4986,73,39,16216,"$26,584.02",2174
1106,xQcOW,2018-11-01,9289,5344,69,44,16993,"$28,455.43",2247
1107,xQcOW,2018-12-01,9854,7063,75,49,19450,"$37,218.13",2409
1108,xQcOW,2019-01-01,10887,7583,83,54,21279,"$40,017.80",2672
1109,xQcOW,2019-02-01,18179,7888,127,68,27107,"$42,329.17",845
1110,xQcOW,2019-03-01,14590,6351,76,46,21711,"$33,600.27",648
1111,xQcOW,2019-04-01,13623,6032,67,35,20366,"$31,643.66",609
1112,xQcOW,2019-05-01,15248,6497,75,54,22559,"$34,518.74",685
1113,xQcOW,2019-06-01,15935,7334,72,48,24114,"$38,515.46",725
1114,xQcOW,2019-07-01,16244,9118,73,43,26162,"$47,302.66",684
1115,xQcOW,2019-08-01,18423,8246,57,53,27531,"$43,041.44",752
1116,xQcOW,2019-09-01,15726,12624,56,46,29503,"$64,702.74",1051
1117,xQcOW,2019-10-01,16057,10337,56,53,27750,"$53,465.54",1247
1118,xQcOW,2019-11-01,18076,9813,57,48,29432,"$50,735.82",1438
1119,xQcOW,2019-12-01,20904,11441,68,51,34102,"$59,044.40",1638
1120,xQcOW,2020-01-01,19266,9620,71,45,30482,"$49,837.64",1480
1121,xQcOW,2020-02-01,17442,11469,48,34,30400,"$58,559.49",1407
1122,xQcOW,2020-03-01,19349,10488,73,35,31546,"$53,939.04",1601
1123,xQcOW,2020-04-01,31057,14173,90,51,47680,"$72,896.86",2309
1124,xQcOW,2020-05-01,20331,14296,74,41,36396,"$73,100.89",1654
1125,xQcOW,2020-06-01,6434,5454,29,22,12513,"$28,054.95",574
1126,saddummy,2018-06-01,180,1198,110,402,2213,"$17,122.90",323
1127,saddummy,2018-07-01,229,1189,122,348,2210,"$15,848.41",322
1128,saddummy,2018-08-01,314,1471,130,450,2772,"$19,884.49",407
1129,saddummy,2018-09-01,343,1529,156,414,2862,"$19,534.01",420
1130,saddummy,2018-10-01,373,1784,190,449,3276,"$22,020.77",480
1131,saddummy,2018-11-01,282,1843,174,439,3208,"$21,905.44",470
1132,saddummy,2018-12-01,279,1879,154,547,3355,"$24,584.20",496
1133,saddummy,2019-01-01,278,2065,174,540,3586,"$25,537.21",529
1134,saddummy,2019-02-01,512,3247,241,777,4939,"$38,027.35",162
1135,saddummy,2019-03-01,476,2447,188,515,3749,"$26,958.50",123
1136,saddummy,2019-04-01,496,2260,140,462,3464,"$24,221.38",106
1137,saddummy,2019-05-01,445,2360,166,498,3557,"$25,879.76",88
1138,saddummy,2019-06-01,403,2401,146,455,3506,"$24,809.98",101
1139,saddummy,2019-07-01,253,2232,132,427,3116,"$23,127.09",72
1140,saddummy,2019-08-01,143,1030,56,174,1438,"$10,047.40",35
1141,saddummy,2019-09-01,331,2865,132,420,3934,"$26,110.83",186
1142,saddummy,2019-10-01,310,2553,128,450,3617,"$25,263.69",176
1143,saddummy,2019-11-01,258,2292,118,358,3193,"$21,562.32",167
1144,saddummy,2019-12-01,249,2396,92,337,3200,"$21,296.75",126
1145,saddummy,2020-01-01,288,2281,104,389,3204,"$22,142.26",142
1146,saddummy,2020-02-01,227,2039,110,360,2865,"$20,269.91",129
1147,saddummy,2020-03-01,204,2033,94,349,2805,"$19,805.24",125
1148,saddummy,2020-04-01,135,1610,74,281,2207,"$15,795.35",107
1149,saddummy,2020-05-01,283,2629,96,321,3441,"$22,099.54",112
1150,saddummy,2020-06-01,45,532,16,20,613,"$3,314.32",0
1151,hanryang1125,2018-03-01,195,1423,56,174,2167,"$12,008.47",319
1152,hanryang1125,2018-04-01,135,1480,56,156,2140,"$11,843.08",313
1153,hanryang1125,2018-05-01,161,1441,38,162,2109,"$11,618.59",307
1154,hanryang1125,2018-06-01,195,1392,52,126,2067,"$10,614.30",302
1155,hanryang1125,2018-07-01,231,1247,38,114,1908,"$9,451.01",278
1156,hanryang1125,2018-08-01,270,1546,40,132,2331,"$11,412.82",343
1157,hanryang1125,2018-09-01,232,1398,34,144,2117,"$10,914.24",309
1158,hanryang1125,2018-10-01,286,1522,40,132,2318,"$11,293.06",338
1159,hanryang1125,2018-11-01,221,1510,42,120,2218,"$10,953.28",325
1160,hanryang1125,2018-12-01,218,1735,50,132,2506,"$12,455.83",371
1161,hanryang1125,2019-01-01,173,1584,42,138,2269,"$11,772.36",332
1162,hanryang1125,2019-02-01,384,2452,70,228,3242,"$18,632.50",108
1163,hanryang1125,2019-03-01,355,1785,58,162,2438,"$13,534.95",78
1164,hanryang1125,2019-04-01,332,1646,44,144,2230,"$12,251.66",64
1165,hanryang1125,2019-05-01,347,1737,56,150,2313,"$12,975.57",23
1166,hanryang1125,2019-06-01,303,1556,48,168,2107,"$12,442.28",32
1167,hanryang1125,2019-07-01,265,1642,44,126,2112,"$11,781.88",35
1168,hanryang1125,2019-08-01,162,1031,22,72,1300,"$7,163.75",13
1169,hanryang1125,2019-09-01,270,2027,40,102,2513,"$13,063.31",74
1170,hanryang1125,2019-10-01,295,1912,42,120,2417,"$12,959.26",48
1171,hanryang1125,2019-11-01,170,1312,20,48,1581,"$7,946.20",31
1172,hanryang1125,2019-12-01,256,1886,30,96,2310,"$12,109.88",42
1173,hanryang1125,2020-01-01,222,1488,24,66,1838,"$9,314.22",38
1174,hanryang1125,2020-02-01,219,1602,22,78,1960,"$10,162.98",39
1175,hanryang1125,2020-03-01,167,1048,18,24,1277,"$6,009.10",20
1176,hanryang1125,2020-04-01,217,1399,18,60,1713,"$8,660.23",19
1177,hanryang1125,2020-05-01,216,1323,9,24,1582,"$7,291.44",10
1178,hanryang1125,2020-06-01,63,594,7,5,678,"$3,158.94",9
